City,Country,Year,Temp
Arhus,Denmark,2012,8.399833333
Corlu,Turkey,2013,15.69075
Corum,Turkey,2013,12.32191667
Oskemen,Kazakhstan,2013,1.172454545
Urumqi,China,2012,6.600166667000001
A Coruna,Spain,2013,13.58966667
Aachen,Germany,2013,8.95725
Aalborg,Denmark,2013,7.391545455
Abakaliki,Nigeria,2013,27.2105
Abbotsford,Canada,2012,7.851083332999999
Aberdeen,United Kingdom,2013,8.081636364
Abha,Saudi Arabia,2012,25.72591667
Abiko,Japan,2013,13.507
Abilene,United States,2013,17.77041667
Abohar,India,2012,25.38525
Abuja,Nigeria,2013,26.96718182
Acapulco,Mexico,2012,26.82116667
Accra,Ghana,2013,27.055
Achalpur,India,2013,26.06409091
Acheng,China,2012,2.52225
Acuna,Mexico,2013,20.50841667
Adana,Turkey,2013,19.67381818
Addis Abeba,Ethiopia,2012,18.44858333
Adelaide,Australia,2013,17.09891667
Adilabad,India,2013,27.69190909
Adiwerna,Indonesia,2012,26.75641667
Adoni,India,2013,28.48158333
Afyonkarahisar,Turkey,2013,13.45216667
Agadir,Morocco,2013,18.51763636
Agartala,India,2012,25.62383333
Ageo,Japan,2013,13.507
Agra,India,2013,25.13918182
Aguascalientes,Mexico,2012,19.03158333
Ahmadabad,India,2013,27.27516667
Ahmadnagar,India,2013,25.31283333
Ahmadpur East,Pakistan,2013,25.68372727
Aizawl,India,2013,23.65533333
Ajdabiya,Libya,2013,20.61836364
Ajmer,India,2012,25.8845
Akashi,Japan,2013,15.36716667
Akishima,Japan,2013,13.507
Akita,Japan,2013,10.88690909
Akola,India,2012,27.34825
Akron,United States,2013,10.85658333
Aksaray,Turkey,2013,13.306
Aksu,China,2013,9.973636363999999
Aktau,Kazakhstan,2012,12.55983333
Alagoinhas,Brazil,2013,26.52954545
Alandur,India,2012,29.77841667
Alanya,Turkey,2013,20.05858333
Alappuzha,India,2013,27.426
Albacete,Spain,2013,13.19209091
Alberton,South Africa,2012,15.890999999999998
Albuquerque,United States,2013,12.15358333
Albury,Australia,2013,14.53391667
Alcala De Henares,Spain,2013,11.50636364
Alcobendas,Spain,2012,12.32983333
Alcorcon,Spain,2013,12.42066667
Alexandria,United States,2012,13.99658333
Algeciras,Spain,2013,18.42841667
Algiers,Algeria,2020,58.03432836
Aligarh,India,2013,25.24581818
Allahabad,India,2012,26.20766667
Allentown,United States,2013,11.08041667
Almaty,Kazakhstan,2020,42.7518797
Almeria,Spain,2013,18.24072727
Almere,Netherlands,2012,10.07825
Alor Setar,Malaysia,2013,28.311
Altay,China,2013,0.127363636
Alwar,India,2012,25.88941667
Amadora,Portugal,2013,16.28516667
Amagasaki,Japan,2013,15.46475
Amarillo,United States,2012,17.22041667
Ambala,India,2013,24.128
Ambarnath,India,2013,27.17716667
Ambato,Ecuador,2013,17.43927273
Ambattur,India,2012,29.77841667
Ambon,Indonesia,2013,26.9955
Ambur,India,2013,28.72808333
Americana,Brazil,2013,21.49836364
Amersfoort,Netherlands,2012,10.07825
Amiens,France,2013,10.64158333
Amravati,India,2013,26.06409091
Amritsar,India,2012,24.36558333
Amroha,India,2013,25.59491667
Amsterdam,Netherlands,2013,9.240666667000001
Anapolis,Brazil,2013,23.42827273
Anaheim,United States,2013,17.13166667
Anand,India,2013,27.17066667
Ananindeua,Brazil,2013,27.77927273
Anantapur,India,2012,28.42233333
Anbu,China,2013,22.36691667
Anchorage,United States,2013,-1.994583333
Ancona,Italy,2013,14.51636364
Anda,China,2012,4.0715
Andijon,Uzbekistan,2013,11.93275
Angeles,Philippines,2013,27.57772727
Angers,France,2012,11.985999999999999
Angra Dos Reis,Brazil,2013,22.74125
Angren,Uzbekistan,2013,11.679
Anjo,Japan,2013,14.74954545
Ankang,China,2012,12.7185
Ankara,Turkey,2020,41.73134328
Ann Arbor,United States,2013,9.7195
Anqing,China,2013,15.98627273
Anqiu,China,2012,12.732999999999999
Anshan,China,2013,7.490333333
Anshun,China,2013,14.92041667
Antakya,Turkey,2013,19.67381818
Antalya,Turkey,2012,12.89383333
Antananarivo,Madagascar,2020,69.43955224
Antioch,United States,2013,15.33866667
Antipolo,Philippines,2013,27.57772727
Antofagasta,Chile,2012,16.89625
Antsirabe,Madagascar,2013,20.60125
Antwerp,Belgium,2013,9.927583333
Anyang,China,2012,10.78891667
Apeldoorn,Netherlands,2013,9.47025
Apodaca,Mexico,2013,23.081
Apopa,El Salvador,2013,26.13058333
Apucarana,Brazil,2012,23.16825
Aqtobe,Kazakhstan,2013,7.1014166670000005
Ara,India,2013,25.48691667
Aracatuba,Brazil,2013,24.47727273
Aracaju,Brazil,2012,26.34108333
Arad,Romania,2013,11.60466667
Araguaina,Brazil,2013,27.426
Arapiraca,Brazil,2012,26.34108333
Araraquara,Brazil,2013,23.00241667
Araras,Brazil,2013,23.02025
Araruama,Brazil,2013,24.99545455
Araucaria,Brazil,2012,18.79883333
Arequipa,Peru,2013,20.623
Arica,Chile,2013,19.78
Arjawinangun,Indonesia,2012,25.592
Arlington,United States,2013,18.85933333
Armenia,Colombia,2013,22.6995
Arnhem,Netherlands,2013,9.240666667000001
Arusha,Tanzania,2013,22.12245455
Arvada,United States,2012,4.329333333
Aryanah,Tunisia,2013,20.45525
Asahikawa,Japan,2013,4.9726363639999995
Asaka,Japan,2012,13.11325
Asansol,India,2013,26.15208333
Asfi,Morocco,2013,18.70391667
Asgabat,Turkmenistan,2013,16.01545455
Ashdod,Israel,2012,20.66441667
Ashikaga,Japan,2013,13.37283333
Ashqelon,Israel,2013,21.22683333
Asmara,Eritrea,2013,25.27263636
Astana,Kazakhstan,2012,2.5019166669999997
Astanajapura,Indonesia,2013,25.63066667
Asuncion,Paraguay,2013,23.71709091
Athens,Greece,2013,19.43483333
Atibaia,Brazil,2013,20.843000000000004
Atlanta,United States,2012,16.17225
Atsugi,Japan,2013,13.37283333
Atyrau,Kazakhstan,2013,10.722999999999999
Auckland,New Zealand,2020,65.10373134
Augsburg,Germany,2012,5.8760833329999995
Aurangabad,India,2013,26.02933333
Aurora,United States,2013,10.56925
Austin,United States,2012,21.55608333
Avadi,India,2013,29.85366667
Awassa,Ethiopia,2013,19.93808333
Ayacucho,Peru,2012,11.23791667
Ayer Itam,Malaysia,2013,28.18608333
Azamgarh,India,2013,25.28883333
Azare,Nigeria,2013,27.88381818
Babakan,Indonesia,2013,25.63066667
Bac Lieu,Vietnam,2013,27.94209091
Bacau,Romania,2012,9.216583332999999
Bacolod,Philippines,2013,27.8035
Bacoor,Philippines,2013,27.50591667
Badajoz,Spain,2013,16.38490909
Badalona,Spain,2012,17.50741667
Badaojiang,China,2013,3.677
Badlapur,India,2013,27.17716667
Bafoussam,Cameroon,2013,23.84854545
Baghdad,Iraq,2013,24.96416667
Baglan,Afghanistan,2013,11.75908333
Baguio,Philippines,2012,25.99058333
Bahadurgarh,India,2013,25.98358333
Baharampur,India,2013,26.58708333
Bahawalnagar,Pakistan,2013,24.919
Bahawalpur,Pakistan,2012,26.11016667
Bahia Blanca,Argentina,2013,15.69908333
Bahir Dar,Ethiopia,2013,19.78158333
Baia Mare,Romania,2012,10.52875
Baicheng,China,2013,4.185916667
Baidyabati,India,2013,26.58708333
Baiyin,China,2013,6.6252727270000005
Bakersfield,United States,2012,16.98225
Baku,Azerbaijan,2013,14.16733333
Baleshwar,India,2012,27.15016667
Balikpapan,Indonesia,2013,27.28383333
Baliuag,Philippines,2013,27.50591667
Ballia,India,2013,24.60672727
Bally,India,2012,26.93508333
Balti,Moldova,2013,10.60908333
Baltimore,United States,2013,12.90191667
Balurghat,India,2013,25.48909091
Bama,Nigeria,2012,28.57158333
Bamako,Mali,2013,27.59283333
Bamenda,Cameroon,2013,23.72016667
Banda,India,2013,25.18872727
Banda Aceh,Indonesia,2012,27.31658333
Bandar Maharani,Malaysia,2013,27.49825
Bandar Penggaram,Malaysia,2013,27.03936364
Bandung,Indonesia,2013,25.63066667
Bangalore,India,2013,26.07054545
Bangaon,India,2012,26.93508333
Bangkok,Thailand,2013,28.495
Bangui,Central African Republic,2020,81.41343284
Banjaran,Indonesia,2012,25.592
Banjarmasin,Indonesia,2013,27.14666667
Bankura,India,2013,25.814
Bansbaria,India,2013,26.31718182
Bantou,China,2012,19.97575
Banyuwangi,Indonesia,2013,26.90725
Baoding,China,2013,7.7655
Baoji,China,2013,11.215
Baoshan,China,2012,2.7911666669999997
Barakpur,India,2013,26.79675
Baranagar,India,2013,26.58708333
Barasat,India,2013,26.31718182
Barbacena,Brazil,2012,20.64533333
Barcelona,Spain,2020,55.43731343
Barddhaman,India,2013,26.31718182
Bareli,India,2012,25.58425
Bari,Italy,2013,16.96525
Baripada,India,2013,26.58227273
Barisal,Bangladesh,2012,26.28358333
Barnala,India,2013,25.3975
Barra Mansa,Brazil,2012,20.64533333
Barrancabermeja,Colombia,2013,26.12875
Barranquilla,Colombia,2013,27.516
Barreiras,Brazil,2013,26.31636364
Barretos,Brazil,2012,22.955
Barrie,Canada,2013,7.6755
Barsi,India,2013,27.05908333
Barueri,Brazil,2013,20.843000000000004
Basel,Switzerland,2013,7.637833333
Basildon,United Kingdom,2013,9.369166667
Basirhat,India,2013,26.31718182
Basti,India,2012,25.75408333
Bat Yam,Israel,2013,21.24775
Batala,India,2013,23.86636364
Batangas,Philippines,2012,27.19658333
Batman,Turkey,2013,17.21975
Baton Rouge,United States,2013,20.74533333
Baturaja,Indonesia,2012,25.9465
Bauchi,Nigeria,2013,27.6495
Bauru,Brazil,2013,23.89733333
Bayamo,Cuba,2013,26.81491667
Bayrut,Lebanon,2012,20.19166667
Beaumont,United States,2013,21.09766667
Beawar,India,2013,26.92625
Begusarai,India,2013,25.62836364
Beian,China,2012,1.9824166669999999
Beibei,China,2013,17.691
Beihai,China,2013,23.41741667
Beipiao,China,2013,7.937727272999999
Beira,Mozambique,2012,24.20491667
Beirut,Lebanon,2020,61.464179099999996
Bekasi,Indonesia,2013,27.35525
Belem,Brazil,2013,27.77927273
Belawan,Indonesia,2012,27.36925
Belfast,United Kingdom,2020,45.21268657
Belford Roxo,Brazil,2013,24.87041667
Belgaum,India,2013,26.58509091
Belgrade,Serbia,2013,12.11308333
Bellary,India,2013,28.47008333
Bellevue,United States,2013,8.711416667
Bello,Colombia,2012,19.74516667
Belo Horizonte,Brazil,2013,22.26133333
Bene Beraq,Israel,2013,20.18616667
Bengbu,China,2013,15.44318182
Benghazi,Libya,2012,20.0055
Bengkulu,Indonesia,2013,26.65566667
Benguela,Angola,2013,24.35241667
Benoni,South Africa,2013,15.90008333
Benxi,China,2013,7.307
Beppu,Japan,2013,14.98136364
Berbera,Somalia,2012,28.49883333
Bergamo,Italy,2013,10.31875
Bergen,Norway,2013,1.1950909090000001
Bergisch Gladbach,Germany,2012,9.7885
Berkeley,United States,2013,15.00516667
Berlin,Germany,2013,9.227833333
Bern,Switzerland,2020,43.4
Bertoua,Cameroon,2012,23.95658333
Besancon,France,2013,9.5095
Bethal,South Africa,2013,15.89625
Betim,Brazil,2013,22.23763636
Bhadravati,India,2013,26.45841667
Bhadreswar,India,2013,26.58708333
Bhagalpur,India,2013,25.62836364
Bhairab Bazar,Bangladesh,2012,25.02283333
Bharatpur,India,2013,26.22108333
Bharuch,India,2013,26.70736364
Bhatpara,India,2012,26.93508333
Bhavnagar,India,2013,27.60991667
Bhilai,India,2013,26.598000000000003
Bhilwara,India,2013,25.18418182
Bhimavaram,India,2012,28.40408333
Bhind,India,2013,25.90916667
Bhiwandi,India,2013,25.63191667
Bhiwani,India,2013,25.39136364
Bhopal,India,2012,25.82391667
Bhubaneswar,India,2013,27.45041667
Bhuj,India,2013,27.272
Bhusawal,India,2013,26.01363636
Bien Hoa,Vietnam,2012,28.24875
Bialystok,Poland,2013,7.0003333329999995
Bidar,India,2012,27.8465
Bielefeld,Germany,2013,9.277166667000001
Bihar,India,2013,25.24363636
Bijapur,India,2012,26.60858333
Bikaner,India,2013,26.90825
Bila Tserkva,Ukraine,2013,9.209416667000001
Bilaspur,India,2013,26.486
Bilbao,Spain,2020,55.11492537
Binangonan,Philippines,2013,27.20991667
Binjai,Indonesia,2013,27.60558333
Bintulu,Malaysia,2013,27.20645455
Binzhou,China,2012,13.15166667
Birigui,Brazil,2013,24.47727273
Birmingham,United Kingdom,2013,8.920833333
Birmingham,United States,2013,17.48675
Bisho,South Africa,2012,18.30783333
Bitung,Indonesia,2013,26.67483333
Blackburn,United Kingdom,2012,9.061166667
Blackpool,United Kingdom,2013,9.26625
Blantyre,Malawi,2013,23.28063636
Blitar,Indonesia,2012,25.89666667
Bloemfontein,South Africa,2013,16.40483333
Blumenau,Brazil,2013,22.0935
Boa Vista,Brazil,2013,28.17836364
Bobo Dioulasso,Burkina Faso,2012,28.14083333
Bochum,Germany,2013,9.277166667000001
Bogor,Indonesia,2013,26.71133333
Bogota,Colombia,2020,58.07014925
Bokaro,India,2013,25.814
Boksburg,South Africa,2013,16.00527273
Bologna,Italy,2012,13.24866667
Bolton,United Kingdom,2013,8.42225
Bombay,India,2020,82.38208955
Bonn,Germany,2012,9.7885
Bontang,Indonesia,2013,27.4515
Bordeaux,France,2020,52.31268657
Boshan,China,2012,13.72466667
Boston,United States,2013,9.244583333
Botad,India,2013,27.53083333
Botosani,Romania,2013,9.382545455
Botshabelo,South Africa,2012,14.62483333
Bottrop,Germany,2013,9.277166667000001
Botucatu,Brazil,2013,21.64525
Bournemouth,United Kingdom,2013,10.31991667
Bozhou,China,2013,15.79933333
Bradford,United Kingdom,2013,8.331
Braga,Portugal,2012,14.24691667
Braganca Paulista,Brazil,2013,21.00266667
Brahmapur,India,2013,27.0205
Braila,Romania,2013,11.28009091
Brakpan,South Africa,2012,15.890999999999998
Brasilia,Brazil,2020,73.84179104
Brasov,Romania,2013,9.82775
Brebes,Indonesia,2013,26.87091667
Breda,Netherlands,2013,8.857999999999999
Bremen,Germany,2012,9.195083333
Bremerhaven,Germany,2013,8.50375
Brescia,Italy,2013,10.31875
Brest,Belarus,2013,7.316272727
Brest,France,2012,11.97141667
Bridgeport,United States,2013,11.74408333
Brighton,United Kingdom,2013,10.19716667
Brisbane,Australia,2020,74.66268657
Bristol,United Kingdom,2013,8.920833333
Brits,South Africa,2013,19.01375
Brno,Czech Republic,2013,8.402909091
Brownsville,United States,2012,24.27516667
Brugge,Belgium,2013,10.07533333
Brunswick,Germany,2013,8.639333333
Brussels,Belgium,2020,46.91567164
Bucaramanga,Colombia,2013,26.12875
Bucharest,Romania,2020,45.74104478
Budapest,Hungary,2020,43.40820896
Budaun,India,2012,25.58425
Buenaventura,Colombia,2013,22.6995
Buffalo,United States,2013,9.22
Buga,Colombia,2013,22.65245455
Buhe,China,2013,17.43075
Bujumbura,Burundi,2013,21.57391667
Bukit Mertajam,Malaysia,2013,28.18608333
Bulandshahr,India,2013,25.73258333
Bulaon,Philippines,2013,27.57772727
Bulawayo,Zimbabwe,2012,20.28
Buon Me Thuot,Vietnam,2013,24.96325
Buraydah,Saudi Arabia,2013,26.48283333
Burbank,United States,2013,17.03441667
Burewala,Pakistan,2012,26.11016667
Burgas,Bulgaria,2013,14.5765
Burgos,Spain,2013,11.025
Burhanpur,India,2013,26.06409091
Bursa,Turkey,2012,12.71166667
Butuan,Philippines,2012,26.72675
Buzau,Romania,2013,9.921083333
Bydgoszcz,Poland,2013,7.924083333
Bytom,Poland,2013,8.164909091
Ca Mau,Vietnam,2012,27.96716667
Cordoba,Mexico,2013,23.98225
Cordoba,Spain,2013,17.24933333
Cucuta,Colombia,2012,21.60608333
Cabanatuan,Philippines,2013,27.34775
Cabo Frio,Brazil,2013,24.99545455
Cachoeirinha,Brazil,2013,19.37591667
Cachoeiro De Itapemirim,Brazil,2013,23.6525
Cadiz,Philippines,2013,27.89118182
Cadiz,Spain,2012,18.22291667
Cagayan De Oro,Philippines,2013,27.26708333
Cagliari,Italy,2013,17.26518182
Cainta,Philippines,2013,27.34775
Cairns,Australia,2013,23.66808333
Cajamarca,Peru,2013,17.70966667
Calama,Chile,2012,14.97408333
Calamba,Philippines,2013,27.18666667
Calcutta,India,2020,74.95970149
Calgary,Canada,2014,30.15714286
Cali,Colombia,2012,22.54258333
Cam Pha,Vietnam,2013,23.21375
Cam Ranh,Vietnam,2013,25.079
Camacari,Brazil,2013,26.43291667
Camaguey,Cuba,2012,25.86633333
Camaragibe,Brazil,2013,26.45833333
Cambridge,United Kingdom,2013,9.267416667
Cambridge,United States,2013,8.96425
Campeche,Mexico,2012,26.80216667
Campina Grande,Brazil,2013,26.0425
Campinas,Brazil,2013,20.94233333
Campo Grande,Brazil,2013,24.54183333
Can Tho,Vietnam,2013,28.51383333
Canberra,Australia,2020,63.37238806
Cancun,Mexico,2013,25.0835
Cangzhou,China,2012,13.84816667
Canoas,Brazil,2013,19.51783333
Cape Coral,United States,2012,24.08091667
Cape Town,South Africa,2013,16.55858333
Capiata,Paraguay,2013,23.98508333
Caracas,Venezuela,2020,80.26165414
Carapicuiba,Brazil,2013,21.02158333
Cardiff,United Kingdom,2013,8.807916667
Cariacica,Brazil,2013,23.69991667
Carmen,Mexico,2012,26.89025
Carrefour,Haiti,2013,27.20183333
Carrollton,United States,2013,18.7455
Cartagena,Colombia,2012,28.13325
Cartagena,Spain,2013,19.288
Cartago,Colombia,2013,22.74658333
Caruaru,Brazil,2013,24.386
Cary,United States,2012,15.93025
Casablanca,Morocco,2013,18.54558333
Cascavel,Brazil,2013,21.45341667
Castanhal,Brazil,2013,27.0765
Catamarca,Argentina,2012,19.67916667
Catanduva,Brazil,2013,23.93025
Catania,Italy,2013,16.91125
Caucaia,Brazil,2012,28.02
Cavite,Philippines,2013,27.316
Caxias Do Sul,Brazil,2013,19.00658333
Cebu,Philippines,2012,27.74108333
Cedar Rapids,United States,2013,10.53
Celaya,Mexico,2013,18.09233333
Chakwal,Pakistan,2013,23.07975
Chalco,Mexico,2012,16.41575
Champdani,India,2013,26.81141667
Chandannagar,India,2013,26.69883333
Chandausi,India,2013,25.12141667
Chandigarh,India,2012,14.12666667
Chandler,United States,2013,21.90991667
Chandpur,Bangladesh,2013,26.04
Chandrapur,India,2013,27.74491667
Changchun,China,2012,5.5165
Changde,China,2013,16.92941667
Changji,China,2013,7.18525
Changzhou,China,2013,16.81291667
Chaohu,China,2012,16.17241667
Chaoyang,China,2013,8.939666667000001
Chaozhou,China,2013,22.1555
Chapeco,Brazil,2013,20.02566667
Charleroi,Belgium,2013,10.51925
Charleston,United States,2013,19.09325
Charlotte,United States,2013,16.29408333
Chas,India,2012,26.211
Chattanooga,United States,2013,16.67408333
Chavakachcheri,Sri Lanka,2013,28.80466667
Chelmsford,United Kingdom,2012,10.06916667
Cheltenham,United Kingdom,2013,9.341666667
Chemnitz,Germany,2013,8.77525
Chengde,China,2012,7.656833333
Chengdu,China,2020,58.5238806
Chenghai,China,2013,22.1555
Chenzhou,China,2013,17.92483333
Cherkasy,Ukraine,2013,10.03341667
Chernihiv,Ukraine,2013,7.681916667
Chernivtsi,Ukraine,2012,9.196333333
Chesapeake,United States,2013,17.14291667
Chetumal,Mexico,2013,27.23408333
Chhapra,India,2013,24.9815
Chhatarpur,India,2012,25.78825
Chhindwara,India,2013,26.36633333
Chiang Mai,Thailand,2013,26.759
Chicago,United States,2013,10.67408333
Chiclayo,Peru,2013,20.73858333
Chifeng,China,2012,6.956833333
Chigasaki,Japan,2013,13.177999999999999
Chihuahua,Mexico,2013,17.72558333
Chikmagalur,India,2013,26.34158333
Chillan,Chile,2012,12.63625
Chilpancingo,Mexico,2013,21.84941667
Chimalhuacan,Mexico,2013,16.55891667
Chimbote,Peru,2013,18.58825
Chimoio,Mozambique,2013,23.15141667
Chinandega,Nicaragua,2012,27.92741667
Chincha Alta,Peru,2013,19.82833333
Chingola,Zambia,2013,21.29975
Chiniot,Pakistan,2013,24.76291667
Chishtian Mandi,Pakistan,2012,26.0775
Chisinau,Moldova,2013,11.37033333
Chitradurga,India,2013,25.71958333
Chittaurgarh,India,2012,25.44766667
Chitungwiza,Zimbabwe,2013,20.49791667
Chizhou,China,2013,16.28275
Chofu,Japan,2013,13.49733333
Choloma,Honduras,2012,24.60333333
Chon Buri,Thailand,2013,28.46508333
Chongqing,China,2013,17.64583333
Chorzow,Poland,2013,8.741583333
Chosica,Peru,2013,17.69983333
Christchurch,New Zealand,2013,10.67016667
Chula Vista,United States,2013,17.42458333
Chuncheng,China,2012,22.93925
Churu,India,2013,25.74266667
Chuzhou,China,2012,16.16541667
Ciamis,Indonesia,2013,25.59475
Ciampea,Indonesia,2013,26.7065
Cianjur,Indonesia,2013,25.648000000000003
Cibadak,Indonesia,2012,26.66275
Cibinong,Indonesia,2013,27.34841667
Cibitung,Indonesia,2013,27.35791667
Cicalengka,Indonesia,2013,25.648000000000003
Ciego De Avila,Cuba,2012,25.96158333
Cienfuegos,Cuba,2013,26.19416667
Cikampek,Indonesia,2013,25.642
Cikarang,Indonesia,2013,27.335
Cikupa,Indonesia,2012,27.38933333
Cilegon,Indonesia,2013,27.34841667
Cileungsi,Indonesia,2013,27.35791667
Cileunyi,Indonesia,2013,25.648000000000003
Cimahi,Indonesia,2012,25.57375
Cincinnati,United States,2013,13.4115
Ciomas,Indonesia,2013,26.7065
Ciparay,Indonesia,2013,25.648000000000003
Ciputat,Indonesia,2012,27.38933333
Cirebon,Indonesia,2013,25.59475
Cisaat,Indonesia,2013,26.7065
Cisarua,Indonesia,2013,27.335
Citeureup,Indonesia,2012,27.38933333
Ciudad Valles,Mexico,2013,21.86116667
Clarksville,United States,2012,16.44175
Clearwater,United States,2013,23.421
Cleveland,United States,2013,10.50975
Coacalco,Mexico,2013,16.44116667
Coatzacoalcos,Mexico,2013,26.06758333
Cochabamba,Bolivia,2013,15.81841667
Coimbra,Portugal,2012,14.22991667
Colatina,Brazil,2013,23.62658333
Colchester,United Kingdom,2013,9.395083332999999
Colima,Mexico,2013,21.70141667
Cologne,Germany,2012,9.9665
Colombo,Brazil,2013,18.81016667
Colombo,Sri Lanka,2020,83.14925373
Colorado Springs,United States,2013,9.33525
Columbia,United States,2012,17.75658333
Columbus,United States,2013,18.47583333
Comodoro Rivadavia,Argentina,2013,12.08041667
Conakry,Guinea,2020,82.51052632
Concepcion,Chile,2013,13.37508333
Concord,United States,2013,15.159
Concordia,Argentina,2013,19.663
Conselheiro Lafaiete,Brazil,2012,21.80058333
Constanta,Romania,2013,13.2465
Constantine,Algeria,2013,16.79875
Contagem,Brazil,2013,22.22483333
Copenhagen,Denmark,2020,42.32761194
Copiapo,Chile,2013,11.18058333
Coquimbo,Chile,2013,15.27008333
Coral Springs,United States,2013,23.67441667
Cordoba,Argentina,2012,18.1835
Cork,Ireland,2013,10.09841667
Corona,United States,2013,17.42458333
Coronel Fabriciano,Brazil,2012,21.18091667
Corpus Christi,United States,2013,23.12016667
Corrientes,Argentina,2013,21.75266667
Costa Mesa,United States,2013,17.42458333
Cotabato,Philippines,2012,26.87708333
Cotia,Brazil,2013,21.09691667
Cotonou,Benin,2020,83.81119403
Cottbus,Germany,2013,9.37325
Coventry,United Kingdom,2012,9.888
Cracow,Poland,2013,8.860083333
Craiova,Romania,2013,12.970999999999998
Criciuma,Brazil,2012,18.95858333
Cuautitlan Izcalli,Mexico,2013,16.44116667
Cuautla,Mexico,2013,21.83958333
Cubatao,Brazil,2013,20.88258333
Cuddapah,India,2012,29.10575
Cuenca,Ecuador,2013,21.93841667
Cuernavaca,Mexico,2013,21.76925
Cuiaba,Brazil,2013,25.80754545
Culiacan,Mexico,2012,26.05133333
Curico,Chile,2013,13.85966667
Curitiba,Brazil,2013,18.51490909
Curug,Indonesia,2012,27.36266667
Cusco,Peru,2013,11.481
Czestochowa,Poland,2013,8.754916667
Dusseldorf,Germany,2013,8.666090909
Da Lat,Vietnam,2012,24.86
Da Nang,Vietnam,2013,25.92716667
Daan,China,2013,18.58491667
Dabrowa Gornicza,Poland,2013,8.164909091
Dadiangas,Philippines,2012,27.55366667
Dadu,Pakistan,2013,26.77358333
Dagupan,Philippines,2013,26.14175
Dahuk,Iraq,2013,20.04045455
Daito,Japan,2012,15.20883333
Dakar,Senegal,2020,73.61268657
Dalian,China,2013,9.574
Daliang,China,2012,21.94933333
Dallas,United States,2013,19.48283333
Damaturu,Nigeria,2012,28.40875
Damoh,India,2013,25.71116667
Dandong,China,2013,9.415583332999999
Danshui,China,2013,21.80363636
Dar Es Salaam,Tanzania,2020,81.64552239
Darbhanga,India,2013,24.24208333
Darjiling,India,2013,22.04416667
Darmstadt,Germany,2013,8.096909091
Daska,Pakistan,2012,23.1025
Dasmarinas,Philippines,2013,27.20991667
Dasoguz,Turkmenistan,2013,15.1955
Datong,China,2013,3.462727273
Daugavpils,Latvia,2012,6.30825
Davao,Philippines,2013,26.43683333
Dawukou,China,2013,8.489545455
Daxian,China,2012,16.86658333
Dayton,United States,2013,12.29658333
Debre Zeyit,Ethiopia,2013,22.29816667
Debrecen,Hungary,2013,10.02563636
Dehra Dun,India,2012,23.98175
Dehri,India,2013,26.08275
Dehui,China,2013,4.755
Delhi,India,2020,69.41428571
Delicias,Mexico,2013,17.96258333
Delmas,Haiti,2013,27.16766667
Denizli,Turkey,2013,16.23363636
Denpasar,Indonesia,2012,26.55
Denton,United States,2013,19.48283333
Denver,United States,2013,9.521583332999999
Depok,Indonesia,2013,26.82525
Dera Ghazi Khan,Pakistan,2013,24.11783333
Dera Ismail Khan,Pakistan,2013,24.82509091
Derby,United Kingdom,2013,8.42225
Des Moines,United States,2013,10.7085
Dese,Ethiopia,2013,24.66790909
Detroit,United States,2012,11.16866667
Dewas,India,2013,25.48416667
Deyang,China,2013,11.8185
Dezhou,China,2012,13.6705
Dhaka,Bangladesh,2013,26.12475
Dhanbad,India,2013,25.814
Dharmavaram,India,2012,28.42233333
Dhaulpur,India,2013,26.22108333
Dhule,India,2013,25.85408333
Diadema,Brazil,2013,20.843000000000004
Dibrugarh,India,2012,19.67408333
Didao,China,2013,2.981583333
Digos,Philippines,2013,26.55658333
Dijon,France,2013,8.875090908999999
Dimapur,India,2012,22.94925
Dinajpur,Bangladesh,2013,25.74825
Dindigul,India,2013,26.50618182
Dingzhou,China,2012,7.829666667000001
Diourbel,Senegal,2013,28.33866667
Dire Dawa,Ethiopia,2013,29.06733333
Divinopolis,Brazil,2013,22.23763636
Dodoma,Tanzania,2013,23.07718182
Doha,Qatar,2020,73.62014925
Donghai,China,2013,22.36691667
Dongling,China,2013,6.5298181820000005
Dongtai,China,2012,15.21083333
Dongying,China,2013,13.24375
Dordrecht,Netherlands,2013,9.240666667000001
Dortmund,Germany,2013,8.781727273
Dos Hermanas,Spain,2012,18.015
Dos Quebradas,Colombia,2013,19.84116667
Douala,Cameroon,2013,25.18541667
Dourados,Brazil,2013,23.76063636
Downey,United States,2012,17.08958333
Dresden,Germany,2013,8.96325
Dubai,United Arab Emirates,2020,75.33880597
Dublin,Ireland,2020,44.664179100000005
Dudley,United Kingdom,2013,8.920833333
Duisburg,Germany,2013,8.95725
Dum Dum,India,2013,26.31718182
Dumaguete,Philippines,2013,27.12141667
Dumai,Indonesia,2013,27.49825
Dundee,United Kingdom,2013,6.361909091
Dunedin,New Zealand,2012,7.799416667000001
Dunhua,China,2013,2.830083333
Duque De Caxias,Brazil,2013,24.87041667
Durango,Mexico,2013,18.74525
Durban,South Africa,2012,21.24291667
Durgapur,India,2013,25.814
Durham,United States,2013,14.74275
Durres,Albania,2012,16.7025
Dushanbe,Tajikistan,2013,8.697666667
East London,South Africa,2013,18.53327273
East Los Angeles,United States,2012,17.08958333
Eastbourne,United Kingdom,2013,10.24366667
Ebetsu,Japan,2013,7.8020000000000005
Ebina,Japan,2013,12.60845455
Ecatepec,Mexico,2012,16.4265
Edea,Cameroon,2013,25.24758333
Ede,Netherlands,2013,9.240666667000001
Edinburgh,United Kingdom,2012,8.077083333
Edirne,Turkey,2013,13.52391667
Edison,United States,2013,10.90466667
Edmonton,Canada,2015,23.51428571
Eindhoven,Netherlands,2012,10.07825
Ekibastuz,Kazakhstan,2013,1.7521818180000002
El Monte,United States,2013,17.03441667
El Paso,United States,2012,17.29641667
El Progreso,Honduras,2013,24.49341667
Elbasan,Albania,2013,16.54218182
Elblag,Poland,2012,7.775333333
Eldoret,Kenya,2013,21.6115
Elizabeth,United States,2012,11.9715
Eluru,India,2013,28.67591667
Embu,Brazil,2013,20.94325
Emmen,Netherlands,2013,8.781727273
Encheng,China,2012,23.0015
Enschede,Netherlands,2013,9.121583333
Ensenada,Mexico,2013,17.05258333
Envigado,Colombia,2013,19.84116667
Erfurt,Germany,2013,7.9315
Erlangen,Germany,2013,8.744727272999999
Erode,India,2012,26.04233333
Erzincan,Turkey,2013,11.14933333
Erzurum,Turkey,2013,7.662083332999999
Escondido,United States,2013,17.10791667
Escuintla,Guatemala,2012,19.8825
Esenyurt,Turkey,2013,15.69075
Eskisehir,Turkey,2013,12.64127273
Esmeraldas,Brazil,2013,22.26133333
Espoo,Finland,2013,5.365416667
Essen,Germany,2013,8.666090909
Etah,India,2012,25.58425
Etawah,India,2013,25.90916667
Eugene,United States,2013,10.71233333
Evansville,United States,2013,13.8345
Exeter,United Kingdom,2012,11.02075
Ezhou,China,2013,17.64883333
Furth,Germany,2013,9.152999999999999
Fairfield,United States,2013,15.47625
Faisalabad,Pakistan,2012,24.86941667
Faizabad,India,2013,25.715
Faridabad,India,2013,25.73258333
Faridpur,Bangladesh,2013,25.76581818
Farrukhabad,India,2012,25.58425
Fatehpur,India,2013,25.42858333
Fayetteville,United States,2013,16.92266667
Feira De Santana,Brazil,2013,25.60990909
Fengcheng,China,2012,7.53925
Fernando De La Mora,Paraguay,2013,24.02016667
Ferrara,Italy,2013,12.43363636
Ferraz De Vasconcelos,Brazil,2012,21.01891667
Fez,Morocco,2013,18.43341667
Fianarantsoa,Madagascar,2013,21.81766667
Firozabad,India,2013,25.13918182
Firozpur,India,2012,24.36558333
Flint,United States,2013,10.02308333
Florence,Italy,2013,13.0975
Florencia,Colombia,2013,18.95690909
Florianopolis,Brazil,2012,21.73558333
Floridablanca,Colombia,2013,26.12875
Focsani,Romania,2013,9.82775
Foggia,Italy,2013,14.75854545
Fontana,United States,2012,18.44191667
Forli,Italy,2013,13.22141667
Formosa,Argentina,2013,22.46241667
Fort Collins,United States,2013,8.978416667000001
Fort Lauderdale,United States,2012,23.92266667
Fort Wayne,United States,2013,10.93358333
Fort Worth,United States,2013,18.85933333
Fortaleza,Brazil,2013,28.18154545
Foshan,China,2012,21.94933333
Foz Do Iguacu,Brazil,2013,22.82783333
Franca,Brazil,2013,23.01866667
Francisco Morato,Brazil,2013,20.843000000000004
Franco Da Rocha,Brazil,2012,21.01891667
Frankfurt,Germany,2013,8.595916667000001
Freetown,Sierra Leone,2013,27.415
Freiburg,Germany,2013,6.918636364
Fremont,United States,2012,15.05158333
Fresnillo,Mexico,2013,16.70083333
Fresno,United States,2013,17.23508333
Fuchu,Japan,2013,12.60845455
Fuenlabrada,Spain,2012,12.32983333
Fujieda,Japan,2013,16.61625
Fujimi,Japan,2013,12.60845455
Fujinomiya,Japan,2012,16.3165
Fujisawa,Japan,2013,13.37283333
Fukaya,Japan,2013,13.507
Fukuyama,Japan,2013,14.67681818
Fuling,China,2012,17.02808333
Fullerton,United States,2013,17.13166667
Funabashi,Japan,2013,13.507
Funtua,Nigeria,2013,27.64554545
Fushun,China,2012,7.53925
Fuxin,China,2013,6.867666667000001
Fuyang,China,2013,15.79933333
Fuyu,China,2013,2.232727273
Fuzhou,China,2012,19.00841667
Gomez Palacio,Mexico,2013,21.24433333
Goteborg,Sweden,2013,5.871583332999999
Gottingen,Germany,2013,8.289545455
Gaborone,Botswana,2012,19.832
Gadag,India,2013,26.22875
Gainesville,United States,2013,20.85983333
Galati,Romania,2012,11.6645
Gandhidham,India,2013,27.39025
Gandhinagar,India,2013,26.87845455
Ganganagar,India,2012,25.38525
Gangapur,India,2013,26.22108333
Gangawati,India,2013,26.19958333
Ganzhou,China,2013,18.18045455
Gaomi,China,2012,12.732999999999999
Gaozhou,China,2013,23.67108333
Garanhuns,Brazil,2013,24.42208333
Garden Grove,United States,2013,17.10791667
Gardez,Afghanistan,2012,17.49716667
Garland,United States,2013,19.48283333
Garoua,Cameroon,2013,27.53758333
Garut,Indonesia,2013,25.63627273
Garza Garcia,Mexico,2012,23.50258333
Gashua,Nigeria,2013,28.70916667
Gaya,India,2013,25.48691667
Gaziantep,Turkey,2013,14.67063636
Gazipur,Bangladesh,2012,26.28358333
Gazni,Afghanistan,2013,10.85758333
Gboko,Nigeria,2013,27.81283333
Gdansk,Poland,2012,8.263
Gdynia,Poland,2013,7.850166667000001
Gebze,Turkey,2013,15.95483333
Geelong,Australia,2013,15.12063636
Gejiu,China,2012,17.63233333
Gelsenkirchen,Germany,2013,9.277166667000001
General Escobedo,Mexico,2013,23.04833333
Geneva,Switzerland,2020,46.68283582
Genoa,Italy,2013,14.30508333
Gent,Belgium,2013,9.927583333
George,South Africa,2013,16.66872727
Georgetown,Guyana,2012,27.41841667
Gera,Germany,2013,8.1655
Getafe,Spain,2013,11.95183333
Ghaziabad,India,2013,25.24581818
Ghazipur,India,2012,26.08716667
Gijon,Spain,2013,13.798
Gilbert,United States,2013,22.00908333
Gillingham,United Kingdom,2013,9.841727273
Giron,Colombia,2012,26.06066667
Girardot,Colombia,2013,20.84183333
Giugliano In Campania,Italy,2013,15.50408333
Glasgow,United Kingdom,2012,8.077083333
Glendale,United States,2013,22.00908333
Gliwice,Poland,2012,8.981416667000001
Gloucester,United Kingdom,2013,8.920833333
Godhra,India,2013,26.04225
Goiania,Brazil,2013,23.42827273
Gojra,Pakistan,2012,24.86941667
Gold Coast,Australia,2013,20.17575
Gombe,Nigeria,2013,27.75281818
Gomel,Belarus,2012,7.341666667
Gonda,India,2013,25.28883333
Gondal,India,2013,26.64763636
Gondar,Ethiopia,2012,19.40216667
Gongzhuling,China,2013,4.897333333
Gorakhpur,India,2013,24.9295
Gorontalo,Indonesia,2012,26.71275
Gorzow Wielkopolski,Poland,2013,9.01625
Governador Valadares,Brazil,2013,23.7485
Granada,Spain,2013,16.72818182
Grand Prairie,United States,2012,19.99108333
Grand Rapids,United States,2013,9.825916667000001
Gravatai,Brazil,2013,19.32741667
Graz,Austria,2013,7.666818182
Green Bay,United States,2012,10.03533333
Greensboro,United States,2013,15.07008333
Grenoble,France,2013,9.077
Grogol,Indonesia,2013,26.96754545
Groningen,Netherlands,2012,9.8025
Guaiba,Brazil,2013,19.37591667
Guadalajara,Mexico,2020,56.73609023
Guadalupe,Mexico,2012,23.50258333
Guangshui,China,2013,16.769000000000002
Guangyuan,China,2013,14.39109091
Guangzhou,China,2020,67.99477612
Guantanamo,Cuba,2013,26.59325
Guarapari,Brazil,2013,23.6525
Guarapuava,Brazil,2013,19.31927273
Guaratingueta,Brazil,2012,22.71483333
Guaruja,Brazil,2013,20.94325
Guarulhos,Brazil,2013,20.843000000000004
Guatemala,Guatemala,2012,19.8825
Guatemala City,Guatemala,2020,68.1641791
Guayaquil,Ecuador,2012,21.865
Guaymas,Mexico,2013,25.26891667
Gudalur,India,2013,29.63691667
Gudivada,India,2013,28.47316667
Guelph,Canada,2012,8.634166667
Guilin,China,2013,19.25525
Guiyang,China,2013,15.72875
Gujranwala,Pakistan,2013,23.07975
Gujrat,Pakistan,2012,23.12266667
Gulbarga,India,2013,27.92175
Gulu,Uganda,2013,25.21808333
Guna,India,2013,25.31275
Guntakal,India,2012,28.36191667
Guntur,India,2013,28.70883333
Gurgaon,India,2013,26.00533333
Gusau,Nigeria,2013,27.51633333
Guwahati,India,2012,22.35475
Gwalior,India,2013,25.90341667
Gweru,Zimbabwe,2013,20.0765
Gyor,Hungary,2013,11.12166667
Gyumri,Armenia,2012,10.05775
Hoa Binh,Vietnam,2013,24.51841667
Ha Noi,Vietnam,2013,22.643
Haarlem,Netherlands,2013,9.31425
Haarlemmermeer,Netherlands,2012,10.1965
Habikino,Japan,2013,15.23366667
Habra,India,2013,26.69883333
Hachinohe,Japan,2013,10.13658333
Hachioji,Japan,2012,13.13733333
Hadano,Japan,2013,13.177999999999999
Hadejia,Nigeria,2013,27.75325
Hafizabad,Pakistan,2013,24.76291667
Hagen,Germany,2012,10.13191667
Hagonoy,Philippines,2013,27.316
Hai Phong,Vietnam,2013,22.643
Haibowan,China,2013,9.10025
Haicheng,China,2013,7.502583333
Haifa,Israel,2013,20.28875
Haikou,China,2013,24.90191667
Hailar,China,2013,-2.379833333
Hailun,China,2013,1.30225
Haimen,China,2013,22.17241667
Hajipur,India,2012,25.93975
Hakodate,Japan,2013,10.12183333
Haldia,India,2013,26.98091667
Haldwani,India,2013,17.85966667
Halifax,Canada,2014,33.55590062
Halisahar,India,2013,26.81141667
Halle,Germany,2013,7.931416667000001
Hamamatsu,Japan,2012,16.39508333
Hamburg,Germany,2013,9.091083333
Hami,China,2013,8.148833332999999
Hamilton,Canada,2013,9.04825
Hamilton,New Zealand,2012,14.035
Hamm,Germany,2013,9.857333333
Hampton,United States,2013,16.40591667
Handa,Japan,2013,15.55933333
Handan,China,2012,14.33675
Hangu,China,2013,11.21041667
Hangzhou,China,2013,16.55633333
Hanoi,Vietnam,2020,70.75074627
Hanover,Germany,2012,9.67225
Hanumangarh,India,2013,25.50491667
Hanzhong,China,2013,14.55091667
Haora,India,2013,26.59516667
Hapur,India,2012,25.85916667
Harare,Zimbabwe,2013,20.49791667
Harbin,China,2013,3.306916667
Hardoi,India,2013,24.93375
Hargeysa,Somalia,2012,24.5425
Haridwar,India,2013,24.07291667
Hartford,United States,2013,11.4525
Hassan,India,2013,25.71958333
Hat Yai,Thailand,2012,27.85583333
Hathras,India,2013,25.95533333
Hayward,United States,2013,15.23225
Hazaribag,India,2013,24.74216667
Hebi,China,2012,10.91641667
Hefei,China,2013,16.32191667
Hegang,China,2013,2.23425
Heidelberg,Germany,2013,9.243416667
Heilbronn,Germany,2013,9.93675
Helsinki,Finland,2020,36.50895522
Henderson,United States,2013,18.72191667
Hengshan,China,2012,3.7273333330000002
Hengshui,China,2013,13.70575
Hengyang,China,2013,17.71708333
Herat,Afghanistan,2012,14.91908333
Hermosillo,Mexico,2013,22.39533333
Herne,Germany,2013,9.04475
Heze,China,2013,15.31358333
Hialeah,United States,2012,23.97066667
Higuey,Dominican Republic,2013,26.8475
Highlands Ranch,United States,2013,9.661583333
Hikone,Japan,2013,15.55933333
Hildesheim,Germany,2012,9.67225
Himeji,Japan,2013,15.20808333
Hindupur,India,2013,25.98
Hino,Japan,2013,13.49733333
Hirakata,Japan,2012,15.31275
Hiratsuka,Japan,2013,13.177999999999999
Hirosaki,Japan,2013,10.04741667
Hiroshima,Japan,2013,15.89658333
Hisar,India,2012,25.22708333
Hitachi,Japan,2013,14.66291667
Ho Chi Minh City,Vietnam,2013,28.43616667
Hobart,Australia,2013,12.95366667
Hofu,Japan,2012,15.62658333
Hohhot,China,2013,5.109916667
Holguin,Cuba,2013,26.87708333
Hollywood,United States,2013,23.69291667
Hong Gai,Vietnam,2012,21.89125
Honggang,China,2013,3.760583333
Honghu,China,2013,17.38025
Horlivka,Ukraine,2013,9.791916667
Hortolandia,Brazil,2012,21.51291667
Hoshangabad,India,2013,25.87425
Hoshiarpur,India,2013,24.56583333
Hospet,India,2013,26.05183333
Hosur,India,2012,25.969
Houma,China,2013,11.34575
Houston,United States,2013,20.95008333
Hrodna,Belarus,2013,7.2015
Huanuco,Peru,2012,10.37758333
Huadian,China,2013,3.794333333
Huaibei,China,2013,15.04375
Huaihua,China,2013,16.94383333
Huainan,China,2012,16.16541667
Huaiyin,China,2013,15.17816667
Huambo,Angola,2013,20.82558333
Huancayo,Peru,2013,7.576416667
Huangcun,China,2012,12.78141667
Huangpu,China,2013,22.15791667
Huangyan,China,2013,17.71575
Huangzhou,China,2013,17.595
Hubli,India,2012,26.11383333
Huddersfield,United Kingdom,2013,8.961333332999999
Hue,Vietnam,2013,26.23541667
Huelva,Spain,2013,18.00658333
Huicheng,China,2012,21.97325
Huixquilucan,Mexico,2013,16.44116667
Huizhou,China,2013,22.29108333
Hulan Ergi,China,2012,3.630416667
Humen,China,2013,22.00983333
Huntington Beach,United States,2013,17.15558333
Huntsville,United States,2013,15.34166667
Huzhou,China,2012,16.86666667
Hyderabad,India,2013,28.08866667
Hyderabad,Pakistan,2013,27.32108333
Iasi,Romania,2013,10.17108333
Ibague,Colombia,2013,20.81466667
Ibaraki,Japan,2013,15.34991667
Ibarra,Ecuador,2013,17.65841667
Ibirite,Brazil,2013,22.2295
Ica,Peru,2013,11.06683333
Ichalkaranji,India,2013,26.07441667
Ichihara,Japan,2012,17.32108333
Ichikawa,Japan,2013,13.161
Ichinomiya,Japan,2013,15.34991667
Iguala,Mexico,2013,21.83958333
Iida,Japan,2013,12.72191667
Ikoma,Japan,2013,15.34991667
Ilheus,Brazil,2013,24.93775
Iligan,Philippines,2013,27.264
Iloilo,Philippines,2013,27.84666667
Imabari,Japan,2013,15.8585
Imperatriz,Brazil,2012,27.4925
Imphal,India,2013,21.43775
Inazawa,Japan,2013,15.34991667
Indaiatuba,Brazil,2013,21.59016667
Independence,United States,2012,14.78866667
Indianapolis,United States,2013,13.4115
Indore,India,2013,25.40266667
Indramayu,Indonesia,2013,27.12216667
Inegol,Turkey,2012,12.202
Inglewood,United States,2013,16.85891667
Ingolstadt,Germany,2013,8.665
Ingraj Bazar,India,2013,25.82066667
Innsbruck,Austria,2013,5.845916667000001
Ipatinga,Brazil,2013,21.56825
Ipoh,Malaysia,2013,27.857
Ipswich,United Kingdom,2012,10.30091667
Iquique,Chile,2013,18.133
Iquitos,Peru,2013,26.21625
Iraklion,Greece,2013,20.31708333
Irapuato,Mexico,2013,17.97883333
Irbid,Jordan,2013,20.23725
Irbil,Iraq,2013,20.91425
Iringa,Tanzania,2012,22.94358333
Iruma,Japan,2013,13.36908333
Irvine,United States,2013,17.42458333
Irving,United States,2012,19.76183333
Isehara,Japan,2013,13.36908333
Isesaki,Japan,2013,13.52375
Ishinomaki,Japan,2013,10.72325
Iskenderun,Turkey,2013,20.42008333
Islamabad,Pakistan,2020,55.41654135
Isparta,Turkey,2013,13.76891667
Istanbul,Turkey,2020,49.87164179
Itaborai,Brazil,2012,24.56533333
Itabuna,Brazil,2013,24.814
Itagui,Colombia,2013,19.91933333
Itaguai,Brazil,2013,22.65658333
Itajai,Brazil,2012,21.89616667
Itami,Japan,2013,15.18625
Itapecerica Da Serra,Brazil,2013,20.93
Itapetininga,Brazil,2013,21.59016667
Itapevi,Brazil,2012,20.711
Itaquaquecetuba,Brazil,2013,21.09691667
Itarsi,India,2013,25.78266667
Itu,Brazil,2013,21.59016667
Iwaki,Japan,2013,12.09258333
Iwakuni,Japan,2013,15.65533333
Iwatsuki,Japan,2013,13.52375
Ixtapaluca,Mexico,2013,16.44116667
Izmir,Turkey,2013,19.05775
Izmit,Turkey,2012,14.53141667
Izumi,Japan,2013,15.18625
Jaen,Spain,2013,17.75775
Jau,Brazil,2013,23.86833333
Jabalpur,India,2012,25.66425
Jaboatao,Brazil,2013,26.18875
Jacarei,Brazil,2013,20.93
Jacksonville,United States,2012,22.51641667
Jacobabad,Pakistan,2013,27.20941667
Jaffna,Sri Lanka,2013,28.77175
Jagadhri,India,2013,23.855999999999998
Jaipur,India,2013,25.94058333
Jakarta,Indonesia,2020,83.18345865
Jalalabad,Afghanistan,2013,15.03741667
Jalandhar,India,2012,24.48591667
Jalingo,Nigeria,2013,27.45508333
Jalna,India,2013,25.97716667
Jalpaiguri,India,2013,22.18975
Jamalpur,Bangladesh,2012,25.06291667
Jamalpur,India,2013,26.2275
Jamame,Somalia,2013,28.25066667
Jambi,Indonesia,2013,27.3455
Jammu,India,2012,15.55441667
Jamnagar,India,2013,26.711
Jamshedpur,India,2013,26.12433333
Jamuria,India,2013,25.84483333
Jandira,Brazil,2012,20.711
Jaragua Do Sul,Brazil,2013,22.22575
Jaranwala,Pakistan,2013,24.79533333
Jaunpur,India,2012,25.84575
Jember,Indonesia,2013,26.79983333
Jequie,Brazil,2013,23.85516667
Jerez,Spain,2013,18.2335
Jersey City,United States,2012,12.33075
Jerusalem,Israel,2013,21.77475
Jetpur,India,2013,26.90908333
Jhang,Pakistan,2013,25.3495
Jhansi,India,2012,25.74791667
Jhelum,Pakistan,2013,23.12383333
Jhunjhunun,India,2013,25.96983333
Jiamusi,China,2012,3.053
Jiangmen,China,2013,22.49591667
Jiangyin,China,2013,16.65241667
Jiangyou,China,2012,17.3325
Jiaohe,China,2013,2.858833333
Jiaojiang,China,2013,17.71575
Jiaozhou,China,2013,12.5385
Jiaozuo,China,2012,14.68008333
Jiaxing,China,2013,16.458
Jiayuguan,China,2013,0.989083333
Jiazi,China,2013,22.16241667
Jibuti,Djibouti,2012,30.23591667
Jiddah,Saudi Arabia,2013,29.10266667
Jieshi,China,2013,22.20725
Jieshou,China,2013,15.84816667
Jilin,China,2012,3.240916667
Jimeta,Nigeria,2013,27.45508333
Jimma,Ethiopia,2013,21.25208333
Jinan,China,2013,13.51866667
Jinchang,China,2012,-0.07591666700000001
Jinchengjiang,China,2013,19.39983333
Jind,India,2013,25.44183333
Jingdezhen,China,2013,16.86283333
Jinhua,China,2012,16.74908333
Jining,China,2013,14.98125
Jinxi,China,2013,8.765666667
Jinzhou,China,2012,9.41925
Jishou,China,2013,16.68308333
Jishu,China,2013,2.548833333
Jiujiang,China,2012,16.91275
Jiupu,China,2013,7.518666667000001
Jiutai,China,2013,4.576416667
Jiutepec,Mexico,2013,21.78841667
Jixi,China,2012,3.727
Joao Pessoa,Brazil,2013,26.41191667
Jodhpur,India,2013,26.94275
Joetsu,Japan,2013,13.642999999999999
Johannesburg,South Africa,2012,15.96766667
Johor Bahru,Malaysia,2013,27.30308333
Joinville,Brazil,2013,22.072
Joliet,United States,2013,10.43308333
Jolo,Philippines,2012,27.33908333
Jombang,Indonesia,2013,27.50083333
Jos,Nigeria,2013,25.253
Juarez,Mexico,2012,16.87558333
Juazeiro Do Norte,Brazil,2013,27.11766667
Juba,Sudan,2013,26.46266667
Juiz De Fora,Brazil,2013,20.6935
Jujuy,Argentina,2012,14.5265
Juliaca,Peru,2013,5.307166667
Junagadh,India,2013,26.90908333
Jundiai,Brazil,2013,20.88258333
Kutahya,Turkey,2012,12.202
Kabankalan,Philippines,2013,27.74991667
Kabul,Afghanistan,2013,14.94508333
Kabwe,Zambia,2013,21.48258333
Kadoma,Japan,2012,15.52583333
Kadoma,Zimbabwe,2013,20.51508333
Kaduna,Nigeria,2013,26.62341667
Kahramanmaras,Turkey,2013,15.49191667
Kaifeng,China,2012,15.512
Kaili,China,2013,15.124
Kaithal,India,2013,25.44183333
Kaiyuan,China,2013,17.90308333
Kakamigahara,Japan,2012,12.647
Kakinada,India,2013,28.47991667
Kakogawa,Japan,2013,15.26041667
Kalisz,Poland,2013,8.892083332999999
Kallithea,Greece,2013,19.40133333
Kalmunai,Sri Lanka,2013,28.54175
Kalol,India,2012,27.15341667
Kalyan,India,2013,25.70975
Kamagaya,Japan,2013,13.52375
Kamakura,Japan,2012,17.32108333
Kamalia,Pakistan,2013,24.88658333
Kamarhati,India,2013,26.80808333
Kamoke,Pakistan,2012,25.03275
Kampala,Uganda,2020,71.45789474
Kanchipuram,India,2012,29.63925
Kanchrapara,India,2013,26.84691667
Kandy,Sri Lanka,2013,26.8395
Kankan,Guinea,2012,26.59791667
Kano,Nigeria,2013,26.95175
Kanpur,India,2013,25.36366667
Kansas City,United States,2013,12.19383333
Kaolack,Senegal,2013,28.44091667
Kapra,India,2013,27.82941667
Karachi,Pakistan,2020,76.4556391
Karaman,Turkey,2013,12.47258333
Karamay,China,2013,6.7263333329999995
Karang Tengah,Indonesia,2012,26.66275
Karawang,Indonesia,2013,27.34841667
Karimnagar,India,2013,28.40508333
Kariya,Japan,2013,15.51933333
Karlsruhe,Germany,2012,10.245
Karnal,India,2013,24.005
Kashi,China,2013,11.78783333
Kashihara,Japan,2012,15.52583333
Kashipur,India,2013,18.1145
Kashiwa,Japan,2013,13.36908333
Kassala,Sudan,2013,30.136
Kassel,Germany,2012,9.328583333
Kasugai,Japan,2013,15.34991667
Kasukabe,Japan,2013,13.52375
Kasur,Pakistan,2012,25.03275
Kathmandu,Nepal,2013,15.14858333
Katihar,India,2013,26.14891667
Katowice,Poland,2013,8.7245
Katsina,Nigeria,2012,27.75533333
Katumba,Tanzania,2013,20.759
Kaunas,Lithuania,2013,6.60375
Kawagoe,Japan,2013,13.52375
Kawaguchi,Japan,2012,13.31108333
Kawanishi,Japan,2013,15.18625
Kawasaki,Japan,2013,13.36908333
Kayseri,Turkey,2013,10.89183333
Kebumen,Indonesia,2013,26.75991667
Kecskemet,Hungary,2013,11.43583333
Kediri,Indonesia,2013,27.576999999999998
Kedungwuni,Indonesia,2012,26.72925
Kelowna,Canada,2013,4.8855
Kemang,Indonesia,2013,26.70183333
Kendari,Indonesia,2013,27.23566667
Kenitra,Morocco,2013,18.542
Kerch,Ukraine,2013,12.92958333
Khairpur,Pakistan,2013,27.06866667
Khammam,India,2012,28.62758333
Khandwa,India,2013,26.50566667
Khanewal,Pakistan,2013,26.20341667
Khanna,India,2013,24.32916667
Khanpur,Pakistan,2012,26.69183333
Kharagpur,India,2013,27.09225
Khardaha,India,2013,26.80808333
Khartoum,Sudan,2013,30.1385
Kherson,Ukraine,2012,10.84666667
Khlong Luang,Thailand,2013,28.51966667
Khon Kaen,Thailand,2012,26.71183333
Khujand,Tajikistan,2012,10.73633333
Khulna,Bangladesh,2013,26.16416667
Khurja,India,2013,25.9805
Khushab,Pakistan,2013,23.711
Khuzdar,Pakistan,2012,20.66191667
Kiel,Germany,2013,9.038416667
Kielce,Poland,2013,8.556666667
Kiev,Ukraine,2020,41.29328358
Kigali,Rwanda,2012,19.74666667
Kigoma,Tanzania,2013,21.45791667
Killeen,United States,2013,19.37
Kimberley,South Africa,2012,17.85075
Kindia,Guinea,2013,25.08475
Kingston,Canada,2013,8.094
Kingston,Jamaica,2012,27.506999999999998
Kirkuk,Iraq,2013,20.91425
Kirovohrad,Ukraine,2013,9.17725
Kiryu,Japan,2013,13.36908333
Kisaran,Indonesia,2012,25.00858333
Kisarazu,Japan,2013,17.14441667
Kishiwada,Japan,2013,15.51933333
Kismayo,Somalia,2013,27.77525
Kisumu,Kenya,2013,22.11616667
Kitakyushu,Japan,2013,15.83191667
Kitami,Japan,2012,6.0315
Kitchener,Canada,2013,8.604166667000001
Kitwe,Zambia,2013,21.31216667
Klaipeda,Lithuania,2013,7.845333332999999
Klang,Malaysia,2012,27.343000000000004
Klaten,Indonesia,2013,26.86225
Klerksdorp,South Africa,2013,17.94458333
Kluang,Malaysia,2013,27.03625
Knoxville,United States,2012,14.91366667
Kobe,Japan,2013,15.107000000000001
Koblenz,Germany,2013,9.170333333
Kochi,India,2013,27.91258333
Kodaira,Japan,2012,13.31108333
Koganei,Japan,2013,13.161
Kohat,Pakistan,2013,23.73816667
Koidu,Sierra Leone,2013,25.46933333
Kokubunji,Japan,2012,13.31108333
Kolar,India,2013,27.4595
Kolhapur,India,2013,26.22666667
Kollam,India,2013,27.349
Komaki,Japan,2013,15.34991667
Komatsu,Japan,2013,12.72191667
Konan,Japan,2013,12.38141667
Konya,Turkey,2013,12.47258333
Korba,India,2013,26.58633333
Koriyama,Japan,2013,12.09258333
Korla,China,2013,12.29908333
Koronadal,Philippines,2013,27.4995
Koshigaya,Japan,2012,13.31108333
Koszalin,Poland,2013,8.426666667000001
Kot Addu,Pakistan,2012,24.12675
Kota,India,2013,26.59208333
Kota Bahru,Malaysia,2013,26.255
Kota Kinabalu,Malaysia,2013,25.96341667
Kotte,Sri Lanka,2012,26.7995
Kousseri,Cameroon,2013,28.761
Kragujevac,Serbia,2012,11.33266667
Krefeld,Germany,2013,9.1675
Kremenchuk,Ukraine,2012,9.757
Kresek,Indonesia,2013,27.34841667
Krishnanagar,India,2013,26.80808333
Kroonstad,South Africa,2013,18.2545
Krugersdorp,South Africa,2012,15.96766667
Kryvyy Rih,Ukraine,2013,10.88066667
Kuala Terengganu,Malaysia,2013,27.305999999999997
Kuantan,Malaysia,2012,27.04758333
Kuching,Malaysia,2013,26.81708333
Kuito,Angola,2013,20.43183333
Kulim,Malaysia,2012,28.01083333
Kulti,India,2013,26.18458333
Kumagaya,Japan,2013,13.36908333
Kumba,Cameroon,2013,26.11625
Kumbakonam,India,2013,29.33016667
Kunming,China,2013,15.58558333
Kupang,Indonesia,2012,27.02558333
Kurashiki,Japan,2013,15.107000000000001
Kure,Japan,2013,15.65533333
Kurume,Japan,2013,15.232000000000001
Kusatsu,Japan,2013,15.34991667
Kusti,Sudan,2013,29.46691667
Kuwana,Japan,2012,15.52583333
Kuytun,China,2013,3.5805833330000003
Kwekwe,Zimbabwe,2013,20.56858333
Larisa,Greece,2012,16.4385
Lopez Mateos,Mexico,2013,16.44116667
Lubeck,Germany,2013,8.4705
La Ceiba,Honduras,2013,24.50308333
La Paz,Bolivia,2020,48.04925373
La Paz,Mexico,2013,25.41225
La Plata,Argentina,2013,17.47566667
La Rioja,Argentina,2013,20.45458333
La Romana,Dominican Republic,2012,26.72891667
La Serena,Chile,2013,15.44391667
La Vega,Dominican Republic,2013,25.64283333
Lafayette,United States,2013,20.60141667
Lafia,Nigeria,2012,26.09425
Lages,Brazil,2013,19.04325
Lagos,Nigeria,2020,83.91865672
Lahad Datu,Malaysia,2012,27.109
Lahore,Pakistan,2013,24.88658333
Laiwu,China,2013,13.67366667
Laiyang,China,2013,12.55916667
Lakewood,United States,2012,10.60708333
Lakhimpur,India,2013,24.18175
Lakhnau,India,2013,25.36366667
Lalitpur,India,2013,25.28775
Lampang,Thailand,2013,26.6535
Lancaster,United States,2013,17.37641667
Langfang,China,2012,12.78141667
Lansing,United States,2013,10.9705
Lanzhou,China,2013,6.9545
Laoag,Philippines,2013,27.58791667
Laohekou,China,2012,15.37533333
Laredo,United States,2013,23.14491667
Larkana,Pakistan,2013,27.06866667
Las Palmas,Spain,2012,21.03016667
Las Tunas,Cuba,2013,26.4075
Las Vegas,United States,2013,18.7085
Lasa,China,2013,-0.23825
Latina,Italy,2013,17.42716667
Latur,India,2013,27.176
Lausanne,Switzerland,2013,9.25
Lawang,Indonesia,2012,27.397
Leon,Mexico,2013,17.62733333
Leon,Nicaragua,2013,27.9005
Leon,Spain,2013,11.76008333
Le Havre,France,2012,11.14908333
Le Mans,France,2013,11.44308333
Leeds,United Kingdom,2013,8.426083333
Leganes,Spain,2013,12.09966667
Legaspi,Philippines,2012,27.362
Leghorn,Italy,2013,13.34233333
Legnica,Poland,2013,8.093166667
Leicester,United Kingdom,2013,9.553083333
Leiden,Netherlands,2012,10.23991667
Leipzig,Germany,2013,8.595916667000001
Leiyang,China,2013,17.69208333
Lembang,Indonesia,2013,25.648000000000003
Lemesos,Cyprus,2012,19.90483333
Lengshuijiang,China,2013,16.65975
Leshan,China,2013,15.37375
Leuwiliang,Indonesia,2012,26.66275
Leverkusen,Germany,2013,9.575
Liege,Belgium,2013,9.1675
Liancheng,China,2012,22.76425
Lianran,China,2013,15.41433333
Liaocheng,China,2013,14.15858333
Liaoyang,China,2013,7.36275
Libreville,Gabon,2020,82.79253731
Licheng,China,2013,22.00983333
Lichinga,Mozambique,2013,21.98233333
Lille,France,2012,10.87908333
Lilongwe,Malawi,2013,60.23490566
Lima,Peru,2015,69.61708075
Limeira,Brazil,2013,22.86290909
Limoges,France,2012,11.35841667
Linchuan,China,2013,18.26491667
Lincoln,United States,2013,10.83066667
Linfen,China,2013,10.89436364
Linhai,China,2012,17.59241667
Linhares,Brazil,2013,24.83783333
Linqing,China,2013,13.99133333
Linshui,China,2013,10.30381818
Linxia,China,2013,6.965416667
Linz,Austria,2013,7.672833333
Lipa,Philippines,2013,27.36390909
Lira,Uganda,2013,25.18225
Lisbon,Portugal,2020,55.29029851
Little Rock,United States,2013,16.72083333
Liusha,China,2012,21.87716667
Liuzhou,China,2013,19.56133333
Liverpool,United Kingdom,2013,9.230166667
Livingstone,Zambia,2013,23.54418182
Ljubljana,Slovenia,2012,11.11916667
Lleida,Spain,2013,15.98466667
Loa Janan,Indonesia,2013,27.36033333
Lobito,Angola,2013,24.61336364
Logrono,Spain,2012,12.59883333
Loja,Ecuador,2013,20.77908333
London,Canada,2013,9.04825
Londrina,Brazil,2013,23.09358333
Long Beach,United States,2013,17.23816667
Long Xuyen,Vietnam,2013,28.57541667
Longfeng,China,2012,4.4445
Longjiang,China,2013,2.946416667
Longjing,China,2013,2.6694166669999997
Longyan,China,2013,20.57758333
Loni,India,2012,25.85916667
Los Angeles,Chile,2013,13.36866667
Los Angeles,United States,2013,17.15916667
Los Mochis,Mexico,2013,25.62466667
Los Reyes,Mexico,2012,16.41575
Loudi,China,2013,17.19258333
Louga,Senegal,2013,28.34716667
Louisville,United States,2012,14.97083333
Loum,Cameroon,2013,23.80541667
Lowell,United States,2013,8.997333333
Lower Hutt,New Zealand,2013,13.43158333
Luancheng,China,2013,12.2525
Luanda,Angola,2013,24.64391667
Luanshya,Zambia,2013,21.523000000000003
Lubango,Angola,2012,21.74233333
Lubbock,United States,2013,17.40125
Lublin,Poland,2013,8.567583333
Lucena,Philippines,2012,27.12066667
Ludhiana,India,2013,24.56583333
Ludwigshafen,Germany,2013,9.511666667
Lumajang,Indonesia,2012,25.87533333
Luohe,China,2013,15.40825
Luoyang,China,2013,22.21658333
Luqiao,China,2012,17.60783333
Luque,Paraguay,2013,24.03316667
Lusaka,Zambia,2014,56.94545455
Luzhou,China,2013,18.17508333
Luziania,Brazil,2013,23.53375
Lvov,Ukraine,2013,8.349416667
Lyon,France,2012,9.754333333
Malaga,Spain,2013,18.34275
Medea,Algeria,2013,17.72283333
Merida,Mexico,2012,26.01208333
Mostoles,Spain,2013,12.52933333
Monchengladbach,Germany,2013,8.916583333
Mulheim,Germany,2013,9.09575
Munster,Germany,2012,10.13191667
Maanshan,China,2013,16.31541667
Maastricht,Netherlands,2013,8.916583333
Maba,China,2013,19.6045
Mabalacat,Philippines,2012,27.27825
Macae,Brazil,2013,22.02525
Macapa,Brazil,2013,27.54583333
Maceio,Brazil,2013,26.13508333
Machala,Ecuador,2013,20.88158333
Macheng,China,2013,16.78291667
Machida,Japan,2013,13.52375
Machilipatnam,India,2012,29.354
Madanapalle,India,2013,27.4595
Madhyamgram,India,2013,26.80808333
Madison,United States,2013,8.48425
Madiun,Indonesia,2012,26.82425
Madras,India,2013,29.86233333
Madrid,Spain,2020,50.94477612
Madurai,India,2013,26.56908333
Mage,Brazil,2012,24.56533333
Magangue,Colombia,2013,28.67791667
Magdeburg,Germany,2013,8.714583333
Magelang,Indonesia,2013,26.89425
Mahajanga,Madagascar,2013,27.21808333
Mahbubnagar,India,2013,27.82941667
Mahesana,India,2012,27.15341667
Maicao,Colombia,2013,28.91633333
Maiduguri,Nigeria,2013,28.65208333
Mainz,Germany,2013,8.627
Maisuru,India,2012,25.91591667
Majalaya,Indonesia,2013,25.59475
Makasar,Indonesia,2013,27.12391667
Makati,Philippines,2013,27.5315
Makiyivka,Ukraine,2013,10.80091667
Makurdi,Nigeria,2013,27.805999999999997
Malabo,Equatorial Guinea,2013,26.119
Malakal,Sudan,2012,27.98958333
Malambo,Colombia,2013,27.55725
Malang,Indonesia,2013,27.55608333
Malatya,Turkey,2013,17.6195
Malegaon,India,2012,25.84591667
Maler Kotla,India,2013,25.26708333
Malmo,Sweden,2013,7.722333333
Malolos,Philippines,2013,27.5315
Manado,Indonesia,2013,26.55141667
Managua,Nicaragua,2020,82.91681416
Manama,Bahrain,2020,72.23880597
Manaus,Brazil,2012,27.29275
Manchester,United Kingdom,2013,8.426083333
Manchester,United States,2013,9.141166667
Mandaue,Philippines,2013,27.74991667
Mandi Bahauddin,Pakistan,2013,23.20916667
Mandsaur,India,2013,25.363000000000003
Mandya,India,2012,25.91591667
Mangaluru,India,2013,26.36191667
Manila,Philippines,2020,83.81567164
Manisa,Turkey,2013,17.489
Manizales,Colombia,2012,19.64875
Mannheim,Germany,2013,9.968916667
Manta,Ecuador,2013,24.90891667
Manzanillo,Cuba,2013,26.8015
Manzanillo,Mexico,2012,27.12683333
Maoming,China,2013,23.53725
Maputo,Mozambique,2020,77.71865672
Marilia,Brazil,2012,23.6665
Mar Del Plata,Argentina,2013,15.98366667
Maraba,Brazil,2013,27.94175
Maracanau,Brazil,2012,27.95041667
Maradi,Niger,2013,28.15983333
Marawi,Philippines,2013,26.87125
Marbella,Spain,2013,18.52883333
Mardan,Pakistan,2013,18.99116667
Maringa,Brazil,2013,23.20766667
Maroua,Cameroon,2013,27.97916667
Marrakesh,Morocco,2012,18.55283333
Marseille,France,2013,16.51991667
Martapura,Indonesia,2013,27.16291667
Masaya,Nicaragua,2012,26.92275
Maseru,Lesotho,2013,14.61016667
Matamoros,Mexico,2013,24.14383333
Matanzas,Cuba,2013,25.28358333
Mataro,Spain,2013,17.23616667
Mataram,Indonesia,2012,26.469
Mathura,India,2013,25.894000000000002
Matola,Mozambique,2013,21.90525
Matsubara,Japan,2013,15.51933333
Matsudo,Japan,2012,13.31108333
Matsumoto,Japan,2013,12.38141667
Matsusaka,Japan,2013,15.34991667
Mau,India,2012,25.50983333
Maua,Brazil,2013,21.09691667
Maxixe,Mozambique,2013,24.60033333
Mazatlan,Mexico,2013,21.655
Mazyr,Belarus,2013,7.805833333
Mbeya,Tanzania,2013,20.759
Mbouda,Cameroon,2013,23.71225
Mbour,Senegal,2013,26.10641667
Mecca,Saudi Arabia,2013,27.0955
Medan,Indonesia,2013,27.5335
Medellin,Colombia,2013,19.88441667
Meilu,China,2013,23.05408333
Mejicanos,El Salvador,2013,26.0865
Melaka,Malaysia,2013,27.52375
Melbourne,Australia,2020,70.59253731
Memphis,United States,2013,17.87958333
Mendoza,Argentina,2013,18.05908333
Mentougou,China,2013,12.02558333
Mercedes,Argentina,2012,18.908
Mersin,Turkey,2013,19.40458333
Mesa,United States,2013,22.07233333
Mesquite,United States,2012,19.76183333
Messina,Italy,2013,18.19858333
Metairie,United States,2013,20.87416667
Metepec,Mexico,2013,21.78841667
Metro,Indonesia,2012,26.76608333
Metz,France,2013,9.968916667
Mexicali,Mexico,2013,20.59925
Mexico,Mexico,2013,16.60616667
Meycauayan,Philippines,2012,27.23116667
Miami,United States,2013,23.74833333
Mianyang,China,2012,17.3325
Middelburg,South Africa,2013,15.93025
Middlesbrough,United Kingdom,2013,8.666166667
Midrand,South Africa,2012,15.96766667
Milagro,Ecuador,2013,21.93841667
Milan,Italy,2020,47.80373134
Milwaukee,United States,2013,10.78108333
Minatitlan,Mexico,2012,26.19883333
Mingaora,Pakistan,2013,18.9565
Mingshui,China,2013,13.51391667
Minneapolis,United States,2012,7.9756666670000005
Minsk,Belarus,2020,24.51439394
Miramar,United States,2013,23.70625
Miri,Malaysia,2013,27.43727273
Mirpur Khas,Pakistan,2012,27.23033333
Mirzapur,India,2013,26.08275
Misato,Japan,2013,13.507
Mishima,Japan,2013,15.91590909
Miskolc,Hungary,2012,11.30591667
Misratah,Libya,2013,21.50933333
Mitaka,Japan,2013,13.507
Mixco,Guatemala,2013,19.97558333
Miyakonojo,Japan,2012,18.34166667
Mobile,United States,2013,19.0825
Modena,Italy,2013,12.43363636
Modesto,United States,2012,13.50775
Moers,Germany,2013,9.139166667000001
Moga,India,2013,24.418000000000003
Mogadishu,Somalia,2013,28.00627273
Moji Das Cruzes,Brazil,2012,21.01891667
Mojokerto,Indonesia,2013,27.56533333
Mokolo,Cameroon,2013,27.9205
Mombasa,Kenya,2013,26.73363636
Monclova,Mexico,2012,21.56816667
Monrovia,Liberia,2013,26.42325
Montalban,Philippines,2013,27.50591667
Monteria,Colombia,2013,28.67563636
Monterrey,Mexico,2020,69.93082707
Montes Claros,Brazil,2013,23.51866667
Montevideo,Uruguay,2013,17.00133333
Montgomery,United States,2013,17.461
Montpellier,France,2012,12.51
Montreal,Canada,2013,6.63275
Monza,Italy,2013,9.709545455
Mopti,Mali,2012,29.0345
Moradabad,India,2013,25.59491667
Moratuwa,Sri Lanka,2013,26.89458333
Morelia,Mexico,2013,18.20916667
Morena,India,2012,25.86491667
Moreno Valley,United States,2013,18.32591667
Moriguchi,Japan,2013,15.46475
Mormugao,India,2013,26.58509091
Morogoro,Tanzania,2012,25.6015
Morvi,India,2013,27.41575
Moshi,Tanzania,2013,24.23818182
Mossoro,Brazil,2012,29.22983333
Moundou,Chad,2013,27.79545455
Mubi,Nigeria,2012,27.75291667
Mudanjiang,China,2013,2.528666667
Mufulira,Zambia,2013,21.36883333
Mulhouse,France,2013,6.918636364
Multan,Pakistan,2012,26.11016667
Munger,India,2013,26.19733333
Munich,Germany,2020,43.01343284
Murcia,Spain,2013,15.83645455
Muridke,Pakistan,2012,24.86941667
Murwara,India,2013,24.65590909
Musashino,Japan,2012,13.11325
Musoma,Tanzania,2013,22.12225
Mutare,Zimbabwe,2013,18.88866667
Muzaffargarh,Pakistan,2013,25.68372727
Muzaffarnagar,India,2012,23.98175
Muzaffarpur,India,2013,24.24208333
Mwanza,Tanzania,2013,23.73608333
My Tho,Vietnam,2012,28.50133333
Nimes,France,2013,11.52827273
Nacala,Mozambique,2012,26.23333333
Nadiad,India,2013,27.27516667
Nador,Morocco,2013,17.60708333
Naga,Philippines,2013,27.668000000000003
Nagaoka,Japan,2012,13.40483333
Nagareyama,Japan,2013,13.37283333
Nagda,India,2013,25.22566667
Nagercoil,India,2013,27.37809091
Nagoya,Japan,2012,15.20883333
Nagpur,India,2013,26.366
Naihati,India,2013,26.58708333
Nairobi,Kenya,2020,67.72089552
Najran,Saudi Arabia,2012,27.09866667
Nakhon Pathom,Thailand,2013,28.59725
Nakhon Ratchasima,Thailand,2013,28.39709091
Nakhon Si Thammarat,Thailand,2012,27.71016667
Nakuru,Kenya,2013,16.85275
Nalgonda,India,2013,27.79027273
Nam Dinh,Vietnam,2012,24.10491667
Namangan,Uzbekistan,2013,11.93275
Nampula,Mozambique,2013,24.83825
Namur,Belgium,2013,9.618363636
Nanchang,China,2013,18.26491667
Nanchong,China,2013,17.84933333
Nancy,France,2013,9.043454545
Nanded,India,2012,27.8465
Nandurbar,India,2013,27.12491667
Nandyal,India,2013,29.24625
Nangloi Jat,India,2013,25.24581818
Nanjing,China,2012,16.131
Nanning,China,2013,22.45066667
Nanpiao,China,2013,8.727333332999999
Nantes,France,2013,11.16418182
Nantong,China,2012,16.4745
Nanyang,China,2013,15.25566667
Naperville,United States,2013,10.56925
Naples,Italy,2012,15.55375
Narashino,Japan,2013,13.37283333
Narayanganj,Bangladesh,2013,26.06008333
Narita,Japan,2013,13.98727273
Narsingdi,Bangladesh,2012,26.28358333
Nashville,United States,2013,15.25258333
Nassau,Bahamas,2020,75.58947368
Natal,Brazil,2013,26.85672727
Naucalpan,Mexico,2012,16.4265
Navadwip,India,2013,26.79675
Navoi,Uzbekistan,2013,16.08275
Navsari,India,2013,25.39481818
Nawabganj,Bangladesh,2012,25.94716667
Nawabshah,Pakistan,2013,26.77358333
Nazilli,Turkey,2013,17.02933333
Nazret,Ethiopia,2012,21.72366667
Ndola,Zambia,2013,21.2795
Negombo,Sri Lanka,2012,26.88241667
Nehe,China,2013,-0.284
Neijiang,China,2013,18.58491667
Neiva,Colombia,2013,25.54563636
Nelspruit,South Africa,2012,17.13
Netanya,Israel,2013,20.32491667
Neuquen,Argentina,2013,13.10866667
Neuss,Germany,2013,8.666090909
New Delhi,India,2013,25.98358333
New Haven,United States,2013,11.509
New Orleans,United States,2013,20.74533333
New York,United States,2012,11.9715
Newark,United States,2013,11.08041667
Newcastle,Australia,2013,18.60433333
Newcastle,South Africa,2013,17.04154545
Newcastle Upon Tyne,United Kingdom,2012,8.077083333
Newport,United Kingdom,2013,8.920833333
Newport News,United States,2013,14.42608333
Neyagawa,Japan,2013,14.74954545
Neyveli,India,2013,28.65716667
Nezahualcoyotl,Mexico,2013,16.559
Ngaoundere,Cameroon,2013,23.05990909
Nguru,Nigeria,2012,28.44575
Nha Trang,Vietnam,2013,24.96325
Niamey,Niger,2013,29.8315
Nice,France,2013,9.294181818
Nicolas Romero,Mexico,2012,16.4265
Nigel,South Africa,2013,15.90008333
Niigata,Japan,2013,13.63691667
Niihama,Japan,2013,14.67681818
Niiza,Japan,2012,13.11325
Nijmegen,Netherlands,2013,9.47025
Nilopolis,Brazil,2013,24.87041667
Ningbo,China,2013,16.43145455
Nis,Serbia,2012,10.87591667
Nishinomiya,Japan,2013,15.40316667
Nishio,Japan,2013,15.46475
Niteroi,Brazil,2013,24.99545455
Nizamabad,India,2012,27.8465
Nkongsamba,Cameroon,2013,23.76525
Nobeoka,Japan,2012,15.24383333
Noda,Japan,2013,13.37283333
Nogales,United States,2013,18.57333333
Nonthaburi,Thailand,2012,28.48383333
Norfolk,United States,2013,16.55408333
Norman,United States,2013,17.14391667
North Las Vegas,United States,2012,18.81366667
North Shore,New Zealand,2013,15.78158333
Northampton,United Kingdom,2013,9.369166667
Norwalk,United States,2013,17.03441667
Norwich,United Kingdom,2012,9.997583333
Nossa Senhora Do Socorro,Brazil,2013,26.48341667
Nottingham,United Kingdom,2013,8.451083333
Nouakchott,Mauritania,2018,70.25
Nova Friburgo,Brazil,2012,21.92291667
Nova Iguacu,Brazil,2013,24.906
Novara,Italy,2013,7.478
Novi Sad,Serbia,2013,11.53290909
Novo Hamburgo,Brazil,2012,19.72391667
Nueva San Salvador,El Salvador,2013,25.997
Nukus,Uzbekistan,2013,12.33081818
Numazu,Japan,2012,16.3165
Nuremberg,Germany,2013,8.667166667
Nyiregyhaza,Hungary,2013,10.87333333
Nzerekore,Guinea,2013,25.72463636
Oakland,United States,2012,15.05158333
Oaxaca,Mexico,2013,20.319000000000003
Oberhausen,Germany,2013,8.95725
Obihiro,Japan,2013,6.071363636
Obregon,Mexico,2013,25.21558333
Oceanside,United States,2012,17.20358333
Odawara,Japan,2013,13.507
Odense,Denmark,2013,7.764545455
Odesa,Ukraine,2012,12.24741667
Offenbach,Germany,2013,8.096909091
Ogaki,Japan,2012,15.20883333
Okara,Pakistan,2013,24.875
Okazaki,Japan,2013,14.74954545
Oklahoma City,United States,2012,17.68725
Olathe,United States,2013,12.40783333
Oldenburg,Germany,2012,9.975333333
Oldham,United Kingdom,2013,8.42225
Olinda,Brazil,2013,26.54341667
Olomouc,Czech Republic,2013,8.402909091
Olongapo,Philippines,2012,27.33641667
Olsztyn,Poland,2013,7.519083332999999
Omaha,United States,2013,10.83066667
Ome,Japan,2013,12.60845455
Omuta,Japan,2013,15.50066667
Ongole,India,2013,29.18127273
Ontario,United States,2013,18.32591667
Opole,Poland,2013,8.164909091
Oradea,Romania,2013,10.91641667
Orai,India,2013,25.541
Orange,United States,2013,17.10791667
Ordu,Turkey,2012,13.18316667
Orizaba,Mexico,2013,23.947
Orkney,South Africa,2013,18.05645455
Orleans,France,2012,11.62608333
Orlando,United States,2013,23.02575
Orsha,Belarus,2013,5.824636364
Oruro,Bolivia,2013,9.116583333
Osasco,Brazil,2013,20.843000000000004
Oshawa,Canada,2012,8.837583333
Oslo,Norway,2020,37.04552239
Osmaniye,Turkey,2013,14.67063636
Osnabruck,Germany,2012,9.975333333
Osorno,Chile,2013,8.994
Ostrava,Czech Republic,2013,8.754916667
Ota,Japan,2013,12.60845455
Otaru,Japan,2012,7.7985
Ottawa,Canada,2014,31.72049689
Otukpo,Nigeria,2013,27.81283333
Ouagadougou,Burkina Faso,2013,29.04490909
Oulu,Finland,2012,2.1055
Overland Park,United States,2013,13.3825
Oviedo,Spain,2013,11.55575
Oxford,United Kingdom,2013,9.39225
Oxnard,United States,2013,17.27316667
Oyama,Japan,2013,12.60845455
Patrai,Greece,2013,16.32575
Pecs,Hungary,2013,12.21675
Petionville,Haiti,2013,27.14208333
Porto Seguro,Brazil,2012,24.38616667
Porto Velho,Brazil,2013,26.63783333
Paarl,South Africa,2013,16.18633333
Pabna,Bangladesh,2013,25.76581818
Pacet,Indonesia,2012,25.592
Pachuca,Mexico,2013,16.51816667
Padalarang,Indonesia,2013,25.65375
Padang,Indonesia,2013,25.57836364
Paderborn,Germany,2012,9.975333333
Padova,Italy,2013,12.81791667
Pagadian,Philippines,2013,27.07583333
Pak Kret,Thailand,2013,28.62672727
Pakpattan,Pakistan,2013,25.47716667
Palakkad,India,2013,28.003
Palanpur,India,2013,24.77654545
Palembang,Indonesia,2012,27.49325
Palermo,Italy,2013,16.80566667
Palhoca,Brazil,2013,21.54008333
Pali,India,2013,26.57863636
Pallavaram,India,2012,29.77841667
Palma,Spain,2013,18.750999999999998
Palma Soriano,Cuba,2013,26.8415
Palmas,Brazil,2013,27.01872727
Palmdale,United States,2012,17.08958333
Palmira,Colombia,2013,22.6995
Palu,Indonesia,2013,26.69318182
Palwal,India,2012,25.88941667
Pamanukan,Indonesia,2013,27.11566667
Pamplona,Spain,2013,12.1065
Pamulang,Indonesia,2013,27.30972727
Panama,Panama,2012,27.500999999999998
Panevezys,Lithuania,2013,6.4676666670000005
Pangkah,Indonesia,2013,26.95409091
Panihati,India,2012,26.93508333
Panipat,India,2013,24.128
Panvel,India,2013,27.17716667
Panzhihua,China,2013,15.64818182
Paradise,United States,2012,18.81366667
Paramaribo,Suriname,2020,79.22985075
Parana,Argentina,2013,19.66618182
Paranagua,Brazil,2012,22.19033333
Parbhani,India,2013,27.45908333
Paris,France,2020,49.32014925
Parma,Italy,2013,12.43363636
Parnaiba,Brazil,2012,28.62083333
Parnamirim,Brazil,2013,26.87825
Parung,Indonesia,2013,27.30972727
Pasadena,United States,2013,17.03241667
Pasarkemis,Indonesia,2013,27.35525
Paseh,Indonesia,2013,25.63627273
Pasir Gudang,Malaysia,2012,27.30358333
Passo Fundo,Brazil,2013,19.308
Pasto,Colombia,2013,17.69658333
Pasuruan,Indonesia,2013,27.612
Patan,India,2012,27.02725
Paterson,United States,2013,10.90466667
Pathankot,India,2013,15.08890909
Pati,Indonesia,2013,26.92875
Patiala,India,2013,25.31216667
Patna,India,2013,25.24363636
Patos De Minas,Brazil,2012,22.87375
Paulista,Brazil,2013,26.50316667
Pavlodar,Kazakhstan,2013,3.1630833330000003
Pavlohrad,Ukraine,2013,9.276818182000001
Payakumbuh,Indonesia,2012,25.46766667
Pekalongan,Indonesia,2013,26.82525
Peking,China,2013,12.0205
Pelotas,Brazil,2013,19.26754545
Pemalang,Indonesia,2012,26.75641667
Pemba,Mozambique,2013,25.96033333
Pembroke Pines,United States,2013,23.70625
Peoria,United States,2013,11.234000000000002
Perbaungan,Indonesia,2013,27.60558333
Pereira,Colombia,2013,19.832
Peristerion,Greece,2012,18.81608333
Perpignan,France,2013,11.982000000000001
Perth,Australia,2020,72.62313433
Perugia,Italy,2012,13.45416667
Pescara,Italy,2013,16.96475
Peshawar,Pakistan,2013,18.43854545
Petaling Jaya,Malaysia,2012,27.3565
Petapa,Guatemala,2013,19.88366667
Petropolis,Brazil,2012,24.83841667
Petrolina,Brazil,2013,27.86025
Petropavl,Kazakhstan,2013,1.49925
Pforzheim,Germany,2013,9.46225
Phagwara,India,2013,24.418000000000003
Phalaborwa,South Africa,2013,21.16227273
Phan Thiet,Vietnam,2012,28.24875
Philadelphia,United States,2013,13.18375
Phitsanulok,Thailand,2013,28.30225
Phnum Penh,Cambodia,2013,28.21736364
Phoenix,United States,2012,22.30691667
Phra Pradaeng,Thailand,2013,28.495
Piatra Neamt,Romania,2013,10.4965
Piedras Negras,Mexico,2013,22.54541667
Pietermaritzburg,South Africa,2012,13.5745
Pietersburg,South Africa,2013,20.36208333
Pilibhit,India,2013,25.20425
Pimpri,India,2013,25.12963636
Pinar Del Rio,Cuba,2012,25.65391667
Pindamonhangaba,Brazil,2013,21.00266667
Pindiga,Nigeria,2013,27.59566667
Pingdingshan,China,2012,14.38791667
Pingliang,China,2013,9.43975
Pingshan,China,2013,22.23633333
Pingxiang,China,2012,17.12166667
Pinsk,Belarus,2013,7.763166667
Piracicaba,Brazil,2013,21.64525
Pitesti,Romania,2013,12.007
Pittsburgh,United States,2012,11.96541667
Piura,Peru,2013,23.68116667
Play Cu,Vietnam,2013,25.51041667
Plano,United States,2012,19.81691667
Pleven,Bulgaria,2013,13.13825
Plock,Poland,2013,8.616583333
Ploiesti,Romania,2013,9.495916667000001
Plovdiv,Bulgaria,2012,10.14475
Plumbon,Indonesia,2013,25.60641667
Plymouth,United Kingdom,2013,10.32591667
Plzen,Czech Republic,2013,8.77525
Poa,Brazil,2012,20.83008333
Pocos De Caldas,Brazil,2013,22.11816667
Podgorica,Montenegro,2013,12.30908333
Poltava,Ukraine,2013,10.44633333
Pomona,United States,2013,17.15916667
Pondicherry,India,2012,29.42691667
Ponnani,India,2013,27.93708333
Ponta Grossa,Brazil,2013,18.65316667
Poole,United Kingdom,2012,10.94141667
Porbandar,India,2013,26.82566667
Port Blair,India,2013,28.42508333
Port Elizabeth,South Africa,2012,17.08891667
Port Louis,Mauritius,2013,24.2445
Port Moresby,Papua New Guinea,2012,25.10358333
Port Saint Lucie,United States,2013,23.66325
Portland,United States,2013,10.667
Portmore,Jamaica,2012,27.48516667
Porto,Portugal,2013,14.49116667
Porto Alegre,Brazil,2013,19.27108333
Portoviejo,Ecuador,2013,24.47133333
Portsmouth,United Kingdom,2012,10.94141667
Posadas,Argentina,2013,21.456
Potchefstroom,South Africa,2013,17.82925
Potgietersrus,South Africa,2013,20.39891667
Potosi,Bolivia,2012,9.926
Potsdam,Germany,2013,9.981083332999999
Pouso Alegre,Brazil,2013,22.07916667
Poznan,Poland,2013,9.08275
Prabumulih,Indonesia,2012,25.956
Prague,Czech Republic,2020,42.09402985
Praia Grande,Brazil,2013,20.94233333
Prato,Italy,2013,12.97608333
Presidente Prudente,Brazil,2012,24.63658333
Preston,United Kingdom,2013,8.86975
Pretoria,South Africa,2013,18.95433333
Pringsewu,Indonesia,2013,26.7145
Pristina,Serbia,2012,11.03766667
Prizren,Serbia,2013,11.66983333
Probolinggo,Indonesia,2013,27.552
Proddatur,India,2013,29.11058333
Providence,United States,2013,9.694166667000001
Provo,United States,2013,9.658999999999999
Pucallpa,Peru,2013,26.43325
Pudukkottai,India,2013,29.33016667
Puebla,Mexico,2013,19.74691667
Pueblo,United States,2012,12.34116667
Puerto Montt,Chile,2013,9.048333332999999
Puerto Plata,Dominican Republic,2013,26.78591667
Puerto Princesa,Philippines,2012,27.86316667
Puerto Vallarta,Mexico,2013,26.49058333
Pulandian,China,2013,9.740583333
Pune,India,2013,25.18608333
Puno,Peru,2012,5.377083333
Punta Arenas,Chile,2013,6.500833332999999
Puqi,China,2013,17.595
Puri,India,2012,27.523000000000003
Puruliya,India,2013,26.12433333
Purwakarta,Indonesia,2013,25.648000000000003
Purwodadi,Indonesia,2012,26.82425
Purwokerto,Indonesia,2013,26.75991667
Purworejo,Indonesia,2013,27.55608333
Puyang,China,2013,13.98466667
Qabis,Tunisia,2013,21.60633333
Qandahar,Afghanistan,2012,19.21925
Qianguo,China,2012,4.556416667
Qianjiang,China,2013,16.93491667
Qingdao,China,2013,12.62708333
Qingyuan,China,2013,22.41441667
Qinhuangdao,China,2012,11.75983333
Qinzhou,China,2013,22.86983333
Qiqihar,China,2013,2.344083333
Qitaihe,China,2013,2.877333333
Qostanay,Kazakhstan,2013,3.15325
Quanzhou,China,2013,20.12741667
Quebec,Canada,2020,26.00225564
Queenstown,South Africa,2013,15.42458333
Queimados,Brazil,2013,24.84891667
Quelimane,Mozambique,2013,25.59491667
Queluz,Portugal,2012,16.20258333
Queretaro,Mexico,2013,17.97883333
Quetta,Pakistan,2013,20.00308333
Quetzaltenango,Guatemala,2013,19.95158333
Quevedo,Ecuador,2012,22.15
Qui Nhon,Vietnam,2013,27.91283333
Quilpue,Chile,2013,14.42416667
Quito,Ecuador,2013,17.46916667
Qujing,China,2012,16.38033333
Qunduz,Afghanistan,2013,11.0805
Rabak,Sudan,2013,29.48158333
Rabat,Morocco,2020,57.94253731
Rach Gia,Vietnam,2012,28.34558333
Radom,Poland,2013,8.528583333
Rae Bareli,India,2013,25.36366667
Raichur,India,2012,27.8365
Raiganj,India,2013,25.86025
Raigarh,India,2013,27.01441667
Raipur,India,2013,26.58633333
Rajamahendri,India,2012,28.43416667
Rajapalaiyam,India,2013,27.38425
Rajkot,India,2013,26.90908333
Rajpur,India,2013,26.61375
Rajshahi,Bangladesh,2012,26.0145
Raleigh,United States,2013,15.959000000000001
Ramat Gan,Israel,2013,20.23725
Ramnicu Valcea,Romania,2013,8.982833333
Rampur,India,2012,25.67891667
Rancaekek,Indonesia,2013,25.59475
Rancagua,Chile,2013,7.571333332999999
Ranchi,India,2013,24.72741667
Rancho Cucamonga,United States,2012,18.11125
Randfontein,South Africa,2013,17.84525
Ranghulu,China,2013,2.344083333
Rangkasbitung,Indonesia,2013,27.335
Rangpur,Bangladesh,2013,22.02491667
Raniganj,India,2013,26.12433333
Rantauprapat,Indonesia,2013,27.6435
Ratisbon,Germany,2013,8.913916667
Ratlam,India,2013,26.15441667
Raurkela,India,2013,26.2655
Ravenna,Italy,2012,13.216
Rawalpindi,Pakistan,2013,23.12383333
Rawang,Malaysia,2013,25.8795
Rayong,Thailand,2013,28.26041667
Reading,United Kingdom,2012,11.17791667
Recife,Brazil,2013,26.18875
Recklinghausen,Germany,2013,9.2575
Reggio Di Calabria,Italy,2013,18.16783333
Regina,Canada,2020,23.76492537
Reims,France,2013,10.32666667
Remscheid,Germany,2013,9.170333333
Rengasdengklok,Indonesia,2013,27.335
Rennes,France,2012,12.35241667
Reno,United States,2013,12.19675
Resende,Brazil,2013,20.66966667
Resistencia,Argentina,2013,21.84675
Reutlingen,Germany,2012,9.9495
Rewa,India,2013,26.1885
Rewari,India,2013,25.9805
Reykjavik,Iceland,2020,35.0738806
Reynosa,Mexico,2012,24.29716667
Rialto,United States,2013,18.16391667
Ribeirao Das Neves,Brazil,2013,22.17991667
Ribeirao Pires,Brazil,2013,20.88258333
Ribeirao Preto,Brazil,2012,22.70358333
Richards Bay,South Africa,2013,20.57675
Richardson,United States,2013,19.12508333
Richmond,United States,2013,15.42408333
Riga,Latvia,2020,39.82686567
Rijeka,Croatia,2013,11.00033333
Rimini,Italy,2013,15.12866667
Rio Branco,Brazil,2012,25.63158333
Rio Claro,Brazil,2013,23.08491667
Rio Cuarto,Argentina,2013,16.74608333
Rio De Janeiro,Brazil,2013,24.87316667
Rio Grande,Brazil,2012,19.44791667
Riobamba,Ecuador,2013,21.94608333
Rishra,India,2013,26.58708333
Riverside,United States,2013,18.305
Rivne,Ukraine,2012,8.12125
Riyadh,Saudi Arabia,2020,70.73432836
Rizhao,China,2013,12.50766667
Robertsonpet,India,2013,27.30727273
Rochester,United States,2012,10.4085
Rockford,United States,2013,9.3345
Rohtak,India,2013,25.73258333
Rome,Italy,2020,52.676119400000005
Rondonopolis,Brazil,2012,25.13725
Rongcheng,China,2013,22.36691667
Rosario,Argentina,2012,18.43441667
Roseville,United States,2013,12.41558333
Rostock,Germany,2013,8.550083333
Rotherham,United Kingdom,2012,9.061166667
Rotterdam,Netherlands,2013,9.47025
Rouen,France,2013,10.24083333
Roxas,Philippines,2013,28.37727273
Ruda Slaska,Poland,2013,8.837333333
Ruian,China,2013,17.80866667
Ruiru,Kenya,2013,22.19772727
Ruse,Bulgaria,2012,12.32625
Rustenburg,South Africa,2013,17.92066667
Rybnik,Poland,2012,8.981416667000001
Rzeszow,Poland,2013,8.618166667
Sao Bernardo Do Campo,Brazil,2013,20.94325
Sao Caetano Do Sul,Brazil,2013,20.843000000000004
Sao Carlos,Brazil,2012,22.99058333
Sao Goncalo,Brazil,2013,24.906
Sao Joao De Meriti,Brazil,2013,24.87041667
Sao Jose Do Rio Preto,Brazil,2012,24.12958333
Sao Jose Dos Campos,Brazil,2013,21.00266667
Sao Jose Dos Pinhais,Brazil,2013,18.67941667
Sao Leopoldo,Brazil,2013,19.13745455
Sao Luis,Brazil,2012,27.57041667
Sao Paulo,Brazil,2020,69.78208955
Sao Vicente,Brazil,2013,20.94325
Saarbrucken,Germany,2013,9.043454545
Sabadell,Spain,2012,17.50741667
Sabara,Brazil,2013,22.26133333
Sabha,Libya,2013,24.60591667
Sabratah,Libya,2013,20.57672727
Sacramento,United States,2013,15.00516667
Sadiqabad,Pakistan,2013,26.68758333
Safaqis,Tunisia,2013,20.06854545
Sagamihara,Japan,2013,13.37283333
Sagar,India,2013,25.39983333
Saharanpur,India,2013,23.47272727
Saharsa,India,2012,24.3555
Sahiwal,Pakistan,2013,24.9075
Saint Helens,United Kingdom,2012,9.909916667000001
Saint Louis,United States,2013,12.62025
Saint Paul,United States,2013,5.386916667
Saint Petersburg,United States,2013,22.79416667
Saitama,Japan,2013,13.507
Sakai,Japan,2013,14.74954545
Sakata,Japan,2012,11.8875
Sakura,Japan,2013,14.82383333
Salalah,Oman,2013,26.61708333
Salamanca,Mexico,2013,18.20916667
Salamanca,Spain,2012,12.67583333
Salatiga,Indonesia,2013,26.92875
Salerno,Italy,2012,15.55375
Salihorsk,Belarus,2013,7.763166667
Salinas,United States,2013,15.6965
Salt Lake City,United States,2013,10.90166667
Salta,Argentina,2012,14.56558333
Saltillo,Mexico,2013,17.96291667
Salto,Uruguay,2013,19.44008333
Salvador,Brazil,2013,26.03
Salzburg,Austria,2012,6.037083332999999
Salzgitter,Germany,2013,8.730333332999999
Samarinda,Indonesia,2013,27.37254545
Samarkand,Uzbekistan,2012,13.87783333
Sambalpur,India,2013,27.05991667
Sambhal,India,2013,25.20425
Samsun,Turkey,2013,13.63863636
Samut Prakan,Thailand,2012,28.48383333
San Antonio,United States,2013,21.24616667
San Bernardino,United States,2013,18.44016667
San Bernardo,Chile,2013,6.854363636
San Carlos De Bariloche,Argentina,2012,8.7305
San Cristobal,Dominican Republic,2013,26.86358333
San Diego,United States,2013,17.10791667
San Fernando,Philippines,2012,27.33641667
San Francisco,United States,2013,15.00516667
San Francisco De Macoris,Dominican Republic,2013,26.83675
San Jose,Costa Rica,2020,74.93955224
San Jose,United States,2012,15.05158333
San Juan,Argentina,2013,18.65116667
San Juan Del Rio,Mexico,2013,18.20916667
San Juan Sacatepequez,Guatemala,2012,19.8825
San Lorenzo,Paraguay,2013,23.98375
San Luis,Argentina,2013,18.54783333
San Luis Potosi,Mexico,2013,17.7385
San Luis Rio Colorado,Mexico,2012,23.41008333
San Martin,Argentina,2013,18.01
San Mateo,Philippines,2013,27.50591667
San Miguelito,Panama,2013,27.41681818
San Nicolas De Los Garza,Mexico,2012,23.50258333
San Nicolas,Argentina,2013,18.06525
San Pablo,Philippines,2013,27.36390909
San Pablo De Las Salinas,Mexico,2012,16.4265
San Pedro,Philippines,2013,27.20991667
San Pedro De Macoris,Dominican Republic,2013,26.84375
San Pedro Sula,Honduras,2013,24.47591667
San Rafael,Argentina,2012,15.84716667
San Salvador,El Salvador,2013,25.997
Sanbu,China,2013,22.91754545
Sancti Spiritus,Cuba,2013,25.84733333
Sanda,Japan,2013,15.37975
Sandakan,Malaysia,2013,27.37518182
Sanmenxia,China,2013,12.31266667
Sanming,China,2013,18.55575
Santa Ana,El Salvador,2013,26.13058333
Santa Ana,United States,2012,17.20358333
Santa Catarina,Mexico,2013,23.40783333
Santa Clara,Cuba,2013,26.1285
Santa Clara,United States,2013,15.47625
Santa Clarita,United States,2012,17.08958333
Santa Cruz,Philippines,2013,27.20991667
Santa Cruz De Tenerife,Spain,2013,21.17025
Santa Cruz Do Sul,Brazil,2013,19.13745455
Santa Fe,Argentina,2012,20.00175
Santa Luzia,Brazil,2013,22.26133333
Santa Maria,Brazil,2013,20.27316667
Santa Marta,Colombia,2013,27.482
Santa Rita,Brazil,2012,26.36966667
Santa Rosa,Philippines,2013,27.20991667
Santa Rosa,United States,2013,15.33866667
Santander,Spain,2012,14.42025
Santarem,Brazil,2013,27.13016667
Santiago,Chile,2013,6.566166667
Santiago,Dominican Republic,2013,26.8305
Santiago,Philippines,2012,26.59975
Santiago De Cuba,Cuba,2013,26.59325
Santiago Del Estero,Argentina,2013,21.14575
Santo Andre,Brazil,2013,20.843000000000004
Santo Domingo,Dominican Republic,2020,66.12631579
Santo Domingo,Ecuador,2013,22.19008333
Santos,Brazil,2013,20.94325
Sapucaia,Brazil,2012,19.72391667
Sargodha,Pakistan,2013,24.875
Sarh,Chad,2013,28.111
Sasaram,India,2013,26.08275
Sasebo,Japan,2013,17.162
Saskatoon,Canada,2013,1.3878333330000001
Sassari,Italy,2012,16.8025
Satara,India,2013,26.29366667
Satkhira,Bangladesh,2013,26.58708333
Satna,India,2013,25.54372727
Satu Mare,Romania,2012,10.52875
Savannah,United States,2013,20.21508333
Sawai Madhopur,India,2013,25.58363636
Sawangan,Indonesia,2012,27.36266667
Sayama,Japan,2013,13.37283333
Scottsdale,United States,2013,22.00908333
Seattle,United States,2013,8.711416667
Sekudai,Malaysia,2013,27.35333333
Selam,India,2013,28.72808333
Semarang,Indonesia,2013,26.96754545
Semey,Kazakhstan,2012,2.7360833330000003
Seoni,India,2013,26.09291667
Sepatan,Indonesia,2012,27.36266667
Serang,Indonesia,2013,27.35516667
Seremban,Malaysia,2013,27.55936364
Serra,Brazil,2013,23.6525
Setubal,Portugal,2013,15.89081818
Sete Lagoas,Brazil,2012,22.1615
Seto,Japan,2013,12.5865
Sevilla,Spain,2012,18.015
Shah Alam,Malaysia,2013,27.49825
Shahe,China,2013,13.56427273
Shahjahanpur,India,2012,25.58425
Shanghai,China,2020,54.91865672
Shangqiu,China,2013,14.73272727
Shangrao,China,2012,17.74691667
Shantipur,India,2013,26.79675
Shaoguan,China,2013,19.56675
Shaowu,China,2013,17.77372727
Shaoxing,China,2012,16.39741667
Shaoyang,China,2013,17.51408333
Shaping,China,2013,22.43391667
Sharjah,United Arab Emirates,2013,27.48572727
Shashi,China,2012,16.84933333
Sheffield,United Kingdom,2013,8.42225
Shekhupura,Pakistan,2013,24.875
Shenyang,China,2020,34.76090226
Sherbrooke,Canada,2013,6.63275
Sherpur,Bangladesh,2013,25.12658333
Shihezi,China,2013,2.543090909
Shikarpur,Pakistan,2012,27.08041667
Shiliguri,India,2013,22.17858333
Shillong,India,2013,24.07933333
Shilong,China,2013,21.80363636
Shimla,India,2012,14.19441667
Shimoga,India,2013,26.45841667
Shimonoseki,Japan,2013,15.7155
Shinyanga,Tanzania,2013,23.566999999999997
Shishou,China,2013,17.43075
Shiyan,China,2013,15.34391667
Shizuishan,China,2013,8.489545455
Sholapur,India,2012,27.07716667
Shreveport,United States,2013,18.57016667
Shrirampur,India,2013,26.58708333
Shuangcheng,China,2013,2.232727273
Shuangyashan,China,2012,2.7911666669999997
Shunyi,China,2013,12.0205
Shymkent,Kazakhstan,2013,11.61881818
Si Racha,Thailand,2012,28.43566667
Sialkot,Pakistan,2013,23.20233333
Siauliai,Lithuania,2013,7.050583333
Sibiu,Romania,2013,8.306272727
Sibu,Malaysia,2012,26.64666667
Sidoarjo,Indonesia,2013,27.56533333
Siegen,Germany,2013,8.425416667
Siirt,Turkey,2013,13.53372727
Sikar,India,2012,25.81333333
Sikasso,Mali,2013,27.71283333
Silchar,India,2013,24.07933333
Simi Valley,United States,2013,17.03441667
Sincelejo,Colombia,2012,28.65558333
Singapore,Singapore,2020,83.05895522
Singaraja,Indonesia,2013,27.002
Sinnar,Sudan,2012,28.89375
Sioux Falls,United States,2013,7.874833333
Sirajganj,Bangladesh,2013,25.12658333
Sirsa,India,2012,25.25266667
Sitapur,India,2013,24.17258333
Sivas,Turkey,2013,10.18125
Siverek,Turkey,2013,16.71063636
Siwan,India,2012,25.38333333
Slough,United Kingdom,2013,9.369166667
Soacha,Colombia,2012,20.75158333
Sobral,Brazil,2013,28.45516667
Soc Trang,Vietnam,2013,28.02033333
Sofia,Bulgaria,2020,42.10820896
Sogamoso,Colombia,2013,20.14216667
Soka,Japan,2013,12.60845455
Sokoto,Nigeria,2013,29.16891667
Soledad,Colombia,2013,27.516
Solingen,Germany,2012,9.7885
Somerset West,South Africa,2013,16.15233333
Songea,Tanzania,2013,21.76325
Sonipat,India,2013,25.24581818
Soreang,Indonesia,2012,25.592
Sorocaba,Brazil,2013,21.66633333
Sorong,Indonesia,2013,27.61633333
Sosnowiec,Poland,2013,8.164909091
South Bend,United States,2013,10.93358333
Southampton,United Kingdom,2013,10.19716667
Soweto,South Africa,2012,15.890999999999998
Soyapango,El Salvador,2013,25.28316667
Spanish Town,Jamaica,2013,26.78208333
Split,Croatia,2013,13.58481818
Spokane,United States,2012,8.961416667
Spring Valley,United States,2013,18.66375
Springfield,United States,2013,13.83741667
Springs,South Africa,2013,15.90008333
Srikakulam,India,2013,27.0205
Srinagar,India,2013,10.13218182
Stamford,United States,2012,11.9715
Stara Zagora,Bulgaria,2013,13.52391667
Stavanger,Norway,2013,5.166454545
Sterling Heights,United States,2013,10.02308333
Stockholm,Sweden,2020,39.83656716
Stockport,United Kingdom,2012,9.061166667
Stockton,United States,2013,15.00516667
Strasbourg,France,2013,9.043454545
Stuttgart,Germany,2012,9.879166667
Subang,Indonesia,2013,25.63066667
Suceava,Romania,2013,10.4965
Sucre,Bolivia,2013,12.21109091
Sudbury,Canada,2012,7.418833332999999
Suihua,China,2013,1.338166667
Suining,China,2013,18.40663636
Suita,Japan,2012,15.20883333
Sujiatun,China,2013,7.490333333
Sukabumi,Indonesia,2013,26.71133333
Sukaraja,Indonesia,2013,26.70845455
Sukkur,Pakistan,2012,27.08041667
Sullana,Peru,2013,23.13891667
Sultanpur,India,2012,25.71908333
Sumare,Brazil,2013,21.69366667
Sumedang,Indonesia,2013,25.6345
Sumy,Ukraine,2013,8.530833333
Sunderland,United Kingdom,2012,8.13825
Sungai Petani,Malaysia,2013,28.08783333
Sunggal,Indonesia,2013,27.5845
Sunnyvale,United States,2013,15.35741667
Sunrise Manor,United States,2012,18.72383333
Sur,Lebanon,2013,20.08766667
Surabaya,Indonesia,2013,27.552
Surakarta,Indonesia,2013,27.00825
Surat,India,2012,26.82
Surat Thani,Thailand,2013,27.76175
Surendranagar,India,2013,27.28741667
Suriapet,India,2012,28.60675
Surt,Libya,2013,21.41033333
Susah,Tunisia,2013,20.45433333
Sutton Coldfield,United Kingdom,2013,9.137583333
Suzano,Brazil,2012,20.83008333
Suzhou,China,2013,16.64125
Suzuka,Japan,2013,15.55933333
Swansea,United Kingdom,2012,10.5585
Swindon,United Kingdom,2013,9.341666667
Sydney,Australia,2020,62.33134328
Syracuse,Italy,2012,18.191
Syracuse,United States,2013,9.9335
Szekesfehervar,Hungary,2013,11.12166667
Szczecin,Poland,2012,9.201416667
Szeged,Hungary,2013,12.75233333
Tetouan,Morocco,2013,18.34266667
Turkmenabat,Turkmenistan,2013,15.97941667
Taboao Da Serra,Brazil,2012,20.83008333
Tabora,Tanzania,2013,23.62825
Tabuk,Saudi Arabia,2013,22.47441667
Tachikawa,Japan,2012,13.13733333
Tacloban,Philippines,2013,27.41375
Tacna,Peru,2013,19.73591667
Tacoma,United States,2013,8.608916667
Tadepallegudem,India,2012,28.41316667
Tagum,Philippines,2013,26.55583333
Taian,China,2013,13.74233333
Taicheng,China,2012,22.85391667
Taiping,Malaysia,2012,27.649
Taiyuan,China,2013,8.6805
Taizhou,China,2013,15.42983333
Tajimi,Japan,2012,12.43675
Takaoka,Japan,2013,12.425
Takarazuka,Japan,2013,15.374
Takasaki,Japan,2013,13.49733333
Takatsuki,Japan,2012,15.31275
Talara,Peru,2013,23.24825
Talcahuano,Chile,2013,13.37508333
Talisay,Philippines,2013,27.9505
Tallahassee,United States,2013,21.57441667
Tallinn,Estonia,2013,5.272
Tama,Japan,2013,13.52375
Taman,Indonesia,2013,27.55608333
Tambaram,India,2013,29.76316667
Tambun,Indonesia,2013,27.34841667
Tampa,United States,2013,22.84666667
Tampere,Finland,2013,4.493333333
Tampico,Mexico,2012,24.95233333
Tandil,Argentina,2013,14.99133333
Tando Adam,Pakistan,2013,26.74908333
Tanete,Indonesia,2013,27.23941667
Tanga,Tanzania,2012,26.47058333
Tangerang,Indonesia,2013,27.34841667
Tanggu,China,2013,10.96191667
Tangier,Morocco,2013,18.2335
Tangshan,China,2012,12.50725
Tanjung Morawa,Indonesia,2013,27.40616667
Tanza,Philippines,2012,27.23116667
Taonan,China,2013,4.578666667
Tapachula,Mexico,2013,25.35233333
Taranto,Italy,2012,16.768
Taraz,Kazakhstan,2013,6.584333332999999
Tarhunah,Libya,2013,21.45591667
Tarija,Bolivia,2012,16.12258333
Tarlac,Philippines,2013,27.29283333
Tarnow,Poland,2013,8.556666667
Tarragona,Spain,2013,17.23616667
Tarsus,Turkey,2012,11.78858333
Tartu,Estonia,2013,4.974
Tashkent,Uzbekistan,2020,51.3880597
Tasikmalaya,Indonesia,2012,25.57375
Taubate,Brazil,2013,21.09691667
Tauranga,New Zealand,2013,14.27433333
Tawau,Malaysia,2012,26.7165
Taytay,Philippines,2013,27.29283333
Tbilisi,Georgia,2013,10.93775
Teofilo Otoni,Brazil,2013,23.77525
Tebingtinggi,Indonesia,2012,27.3225
Tegal,Indonesia,2013,26.75991667
Tegucigalpa,Honduras,2020,58.47819549
Tehuacan,Mexico,2013,19.74691667
Tekirdag,Turkey,2012,14.52391667
Teluknaga,Indonesia,2013,27.35791667
Tembisa,South Africa,2012,15.96766667
Temirtau,Kazakhstan,2013,3.013416667
Tempe,United States,2013,22.04008333
Temuco,Chile,2013,11.71841667
Tenali,India,2012,28.62758333
Tengzhou,China,2013,14.98125
Tepic,Mexico,2013,23.25983333
Teresopolis,Brazil,2013,22.03525
Teresina,Brazil,2012,27.71416667
Termiz,Uzbekistan,2013,15.82733333
Ternate,Indonesia,2013,27.02066667
Terni,Italy,2013,13.17483333
Terrassa,Spain,2012,17.7015
Tete,Mozambique,2013,24.70016667
Texcoco,Mexico,2013,16.60616667
Thai Nguyen,Vietnam,2012,21.88466667
Thana,India,2013,27.22108333
Thanesar,India,2013,24.16858333
Thanh Hoa,Vietnam,2013,24.517
Thanjavur,India,2012,29.04183333
Thanyaburi,Thailand,2013,28.41525
The Hague,Netherlands,2013,9.361166667
Thessaloniki,Greece,2012,14.69483333
Thies,Senegal,2013,25.44991667
Thiruvananthapuram,India,2013,27.48175
Thornton,United States,2013,9.33525
Thousand Oaks,United States,2012,16.91425
Thrissur,India,2013,27.91758333
Tianjin,China,2013,12.08875
Tianmen,China,2013,16.83116667
Tieling,China,2013,5.945
Tighina,Moldova,2013,11.15416667
Tijuana,Mexico,2013,17.42458333
Tilburg,Netherlands,2012,10.23991667
Timisoara,Romania,2013,11.07925
Timon,Brazil,2013,28.07741667
Tirana,Albania,2020,51.15970149
Tiruchchirappalli,India,2012,29.04183333
Tirunelveli,India,2013,27.38425
Tirupati,India,2013,29.91891667
Tiruppur,India,2013,26.56908333
Tiruvannamalai,India,2012,28.43016667
Tiruvottiyur,India,2013,29.86233333
Titagarh,India,2013,26.80808333
Tlalnepantla,Mexico,2013,16.60616667
Tlaquepaque,Mexico,2012,21.426
Toamasina,Madagascar,2013,22.59633333
Toda,Japan,2013,13.36908333
Tokat,Turkey,2013,14.20091667
Tokorozawa,Japan,2012,13.31108333
Tokuyama,Japan,2013,15.49783333
Tokyo,Japan,2020,52.78955224
Toledo,Philippines,2013,27.9505
Toledo,United States,2012,12.37175
Toliary,Madagascar,2013,24.84233333
Toluca,Mexico,2013,21.83958333
Tomakomai,Japan,2012,7.853416667
Toms River,United States,2013,13.95025
Tonala,Mexico,2013,21.70141667
Tondabayashi,Japan,2012,15.52583333
Tongchuan,China,2013,11.96325
Tongliao,China,2013,5.45625
Tongling,China,2013,16.30041667
Tongzhou,China,2012,12.78141667
Tonk,India,2013,25.94058333
Topeka,United States,2013,13.00266667
Toronto,Canada,2014,34.40559006
Torrance,United States,2012,16.91425
Torreon,Mexico,2013,21.26341667
Torrejon De Ardoz,Spain,2013,12.53375
Torun,Poland,2013,8.741583333
Tottori,Japan,2012,15.49891667
Toulon,France,2013,16.508
Toulouse,France,2013,11.21508333
Tours,France,2013,11.44308333
Townsville,Australia,2013,24.19166667
Toyohashi,Japan,2013,16.6525
Toyokawa,Japan,2012,16.58616667
Toyonaka,Japan,2013,15.18625
Toyota,Japan,2013,15.34991667
Trabzon,Turkey,2013,12.29533333
Trelew,Argentina,2012,14.31358333
Trento,Italy,2013,10.76341667
Trier,Germany,2013,9.658
Trieste,Italy,2013,12.718
Trincomalee,Sri Lanka,2012,29.247
Tripoli,Libya,2013,20.91041667
Trondheim,Norway,2013,4.804666667
Trujillo,Peru,2013,18.11266667
Tsuchiura,Japan,2013,13.161
Tsukuba,Japan,2013,13.36908333
Tubruq,Libya,2013,20.97558333
Tucson,United States,2013,18.680999999999997
Tucuman,Argentina,2013,21.27316667
Tuguegarao,Philippines,2013,27.07758333
Tulancingo,Mexico,2013,16.44116667
Tulsa,United States,2013,16.30141667
Tulua,Colombia,2013,22.7215
Tumbes,Peru,2012,23.93258333
Tumkur,India,2013,25.862
Tungi,Bangladesh,2013,26.06008333
Tunis,Tunisia,2020,59.53208955
Tunja,Colombia,2012,20.03425
Turgutlu,Turkey,2013,16.94025
Turhal,Turkey,2013,14.32583333
Turin,Italy,2013,6.979181818
Turku,Finland,2012,5.615083332999999
Tuxtla Gutierrez,Mexico,2013,25.33125
Tychy,Poland,2013,8.837333333
Ube,Japan,2013,15.24190909
Uberaba,Brazil,2012,22.955
Uberlandia,Brazil,2013,23.4765
Ubon Ratchathani,Thailand,2013,28.373
Udgir,India,2013,27.56636364
Udon Thani,Thailand,2012,27.18691667
Udupi,India,2013,26.45841667
Ueda,Japan,2013,13.507
Uitenhage,South Africa,2013,16.98516667
Uji,Japan,2013,15.46475
Ujjain,India,2013,24.944000000000003
Ulaanbaatar,Mongolia,2013,-2.8755833330000002
Ulhasnagar,India,2013,26.97827273
Ulm,Germany,2012,9.879166667
Ulubaria,India,2013,26.79675
Ungaran,Indonesia,2013,26.92875
Unnao,India,2013,24.99158333
Uppsala,Sweden,2013,4.123181818
Urayasu,Japan,2012,13.11325
Urdaneta,Philippines,2013,27.34775
Urfa,Turkey,2013,17.71116667
Uruapan,Mexico,2012,19.38891667
Uruguaiana,Brazil,2013,20.71791667
Usak,Turkey,2013,13.73916667
Utrecht,Netherlands,2013,9.47025
Uzhhorod,Ukraine,2012,8.772833333
Varzea Grande,Brazil,2013,26.01883333
Varzea Paulista,Brazil,2013,20.94325
Vasteras,Sweden,2013,4.123181818
Vadodara,India,2012,26.88925
Valdivia,Chile,2013,11.59391667
Valladolid,Spain,2012,12.32983333
Valledupar,Colombia,2013,27.30616667
Vallejo,United States,2013,15.33866667
Valparaiso,Chile,2013,14.47636364
Van,Turkey,2012,14.02733333
Vanadzor,Armenia,2013,11.08591667
Vancouver,Canada,2014,46.67453416
Vancouver,United States,2013,10.7685
Vanderbijlpark,South Africa,2012,15.890999999999998
Varanasi,India,2013,25.65816667
Varginha,Brazil,2013,21.96309091
Varna,Bulgaria,2012,13.79275
Vejalpur,India,2013,26.20716667
Velluru,India,2012,28.60008333
Venice,Italy,2013,12.81791667
Veracruz,Mexico,2013,23.947
Veraval,India,2013,26.64763636
Vereeniging,South Africa,2012,15.890999999999998
Verona,Italy,2013,10.5005
Verwoerdburg,South Africa,2013,15.89625
Viamao,Brazil,2013,19.13745455
Vicenza,Italy,2012,12.96941667
Victoria,Canada,2013,7.97925
Vidisha,India,2013,25.58583333
Vienna,Austria,2020,44.92462687
Vigo,Spain,2013,13.58966667
Vihari,Pakistan,2013,26.20875
Vijayawada,India,2013,28.42590909
Vila Velha,Brazil,2012,23.56408333
Villa Canales,Guatemala,2013,19.88366667
Villa Nueva,Guatemala,2013,19.95716667
Villahermosa,Mexico,2013,26.8055
Villavicencio,Colombia,2012,25.03641667
Villeurbanne,France,2013,9.425083333
Vilnius,Lithuania,2013,6.4676666670000005
Vina Del Mar,Chile,2013,14.47636364
Vinh,Vietnam,2012,24.99
Vinh Long,Vietnam,2013,28.54191667
Vinnitsa,Ukraine,2013,9.209416667000001
Vinnytsya,Ukraine,2013,8.205
Viransehir,Turkey,2012,16.63616667
Virar,India,2013,25.76691667
Virginia,South Africa,2013,18.10716667
Virginia Beach,United States,2013,16.31541667
Visakhapatnam,India,2012,26.08225
Visalia,United States,2013,16.9265
Vitoria,Brazil,2013,23.6525
Vitoria Da Conquista,Brazil,2013,22.97072727
Vitoria De Santo Antao,Brazil,2012,26.13058333
Vitoria,Spain,2013,12.6505
Vizianagaram,India,2013,25.90108333
Volta Redonda,Brazil,2013,20.73983333
Vryheid,South Africa,2012,16.92041667
Vung Tau,Vietnam,2013,28.3115
Wurzburg,Germany,2013,9.152999999999999
Waco,United States,2013,19.48325
Wah,Pakistan,2013,18.9565
Wahran,Algeria,2013,18.66725
Waitakere,New Zealand,2013,16.19490909
Walbrzych,Poland,2012,8.486583332999999
Walsall,United Kingdom,2013,8.920833333
Wanxian,China,2013,15.40116667
Warangal,India,2013,28.08972727
Wardha,India,2012,28.03358333
Warqla,Algeria,2013,24.993000000000002
Warren,United States,2013,9.7195
Warsaw,Poland,2020,42.59776119
Waru,Indonesia,2013,27.56533333
Washington,United States,2013,12.90191667
Waterbury,United States,2013,11.380999999999998
Waterloo,Canada,2012,8.664666667
Waw,Sudan,2013,27.80141667
Wazirabad,Pakistan,2013,22.64309091
Weifang,China,2012,12.732999999999999
Weihai,China,2013,11.64875
Weinan,China,2013,12.31441667
Welkom,South Africa,2013,18.36963636
Wellington,New Zealand,2012,12.88583333
Wencheng,China,2013,11.64875
Wenzhou,China,2013,17.80866667
Weru,Indonesia,2013,25.63627273
West Bromwich,United Kingdom,2012,9.551666667000001
West Covina,United States,2013,17.03241667
West Jordan,United States,2013,10.90433333
West Valley City,United States,2013,10.90166667
Westminster,United States,2012,10.92008333
Westonaria,South Africa,2013,17.92066667
Wichita,United States,2013,13.93225
Wichita Falls,United States,2013,17.2095
Wiesbaden,Germany,2012,9.215666667
Windhoek,Namibia,2020,72.19850746
Windsor,United States,2013,9.7195
Winnipeg,Canada,2014,21.19440994
Witbank,South Africa,2013,15.90008333
Witten,Germany,2013,9.121583333
Wloclawek,Poland,2013,8.170363636
Wolfsburg,Germany,2012,9.454333333
Wollongong,Australia,2013,17.72316667
Wolverhampton,United Kingdom,2013,8.905916667
Worcester,South Africa,2013,16.99318182
Worcester,United Kingdom,2012,9.551666667000001
Worcester,United States,2013,9.244583333
Wroclaw,Poland,2013,8.001583333
Wuda,China,2013,8.489545455
Wufeng,China,2012,15.13458333
Wuhan,China,2013,17.64883333
Wuhu,China,2013,16.2195
Wulanhaote,China,2013,1.004090909
Wuning,China,2012,16.39741667
Wuppertal,Germany,2013,9.139166667000001
Wuwei,China,2013,0.529416667
Wuxi,China,2013,16.23072727
Wuxue,China,2012,16.51075
Wuzhou,China,2013,22.596
Xalapa,Mexico,2013,21.131
Xiamen,China,2012,19.97575
Xian,China,2013,12.45325
Xiangdong,China,2013,17.707
Xiangfan,China,2013,14.93936364
Xiantao,China,2012,16.84933333
Xianyang,China,2013,12.45325
Xiaolan,China,2013,22.43391667
Xiazhen,China,2013,14.54390909
Xichang,China,2012,11.61225
Xico,Mexico,2013,16.51816667
Xingtai,China,2013,12.1215
Xingyi,China,2013,16.84254545
Xining,China,2012,2.85325
Xinpu,China,2013,14.54216667
Xintai,China,2013,13.51391667
Xinxiang,China,2013,10.30381818
Xinyang,China,2012,15.29716667
Xinzhou,China,2013,8.9495
Xuanhua,China,2013,5.7245
Xuanzhou,China,2013,15.958
Xuchang,China,2012,14.38791667
Xuzhou,China,2013,15.25025
Yaan,China,2013,15.11890909
Yachiyo,Japan,2012,13.11325
Yaizu,Japan,2013,16.51808333
Yakeshi,China,2013,-2.730416667
Yamunanagar,India,2012,23.98175
Yanan,China,2013,9.881916667
Yancheng,China,2013,15.14341667
Yangjiang,China,2013,23.11672727
Yangzhou,China,2013,15.44658333
Yanji,China,2013,2.858083333
Yantai,China,2013,10.68054545
Yao,Japan,2012,15.20883333
Yaounde,Cameroon,2013,24.77441667
Yatsushiro,Japan,2013,14.98136364
Yavatmal,India,2012,28.03358333
Yelahanka,India,2013,25.76009091
Yerevan,Armenia,2013,10.77633333
Yevpatoriya,Ukraine,2013,12.15154545
Yibin,China,2012,15.13458333
Yichang,China,2013,15.23983333
Yichun,China,2013,17.707
Yidu,China,2012,12.732999999999999
Yinchuan,China,2013,9.637666667000001
Yingcheng,China,2013,19.56675
Yingkou,China,2012,7.53925
Yingzhong,China,2013,16.93708333
Yining,China,2013,5.723166667
Yiyang,China,2013,16.98163636
Yizheng,China,2012,15.21083333
Yogyakarta,Indonesia,2013,26.92875
Yokkaichi,Japan,2013,15.46475
Yokosuka,Japan,2013,16.74018182
Yonago,Japan,2012,14.19141667
Yongan,China,2013,18.6345
Yonkers,United States,2013,10.90466667
York,United Kingdom,2013,8.331
Yuci,China,2012,8.543
Yueyang,China,2013,17.43075
Yulin,China,2013,23.41741667
Yuncheng,China,2013,11.72372727
Yushan,China,2013,16.55391667
Yushu,China,2013,1.502818182
Yuyao,China,2012,16.72083333
Zaanstad,Netherlands,2013,9.47025
Zabrze,Poland,2013,8.164909091
Zacatecas,Mexico,2012,16.74825
Zagreb,Croatia,2020,47.54962406
Zalantun,China,2013,0.3395
Zama,Japan,2013,12.60845455
Zamboanga,Philippines,2012,27.56358333
Zamora,Mexico,2013,19.45175
Zanzibar,Tanzania,2013,26.59090909
Zaoyang,China,2012,16.48433333
Zaozhuang,China,2013,15.25025
Zapopan,Mexico,2013,21.70358333
Zaporizhzhya,Ukraine,2013,10.72609091
Zaragoza,Spain,2012,15.8135
Zaria,Nigeria,2013,26.73933333
Zhangdian,China,2013,13.92525
Zhangjiakou,China,2013,5.7245
Zhangzhou,China,2013,20.14136364
Zhanjiang,China,2012,22.84216667
Zhaocheng,China,2013,12.42008333
Zhaodong,China,2013,3.3895
Zhaoqing,China,2013,22.00672727
Zhaotong,China,2012,12.80525
Zhaoyang,China,2013,15.44658333
Zhenjiang,China,2013,15.14341667
Zhezkazgan,Kazakhstan,2013,4.936545455
Zhicheng,China,2012,15.232000000000001
Zhongshan,China,2013,23.55325
Zhoucheng,China,2013,15.55866667
Zhoucun,China,2013,13.10681818
Zhoukou,China,2012,15.29716667
Zhucheng,China,2013,12.87608333
Zhuhai,China,2013,23.34191667
Zhuji,China,2013,16.282
Zhumadian,China,2013,15.62375
Zhuozhou,China,2013,12.0205
Zhuzhou,China,2013,17.36609091
Zhytomyr,Ukraine,2012,8.123833333
Zielona Gora,Poland,2013,9.01625
Zigong,China,2013,18.58491667
Ziguinchor,Senegal,2013,26.82590909
Zinder,Niger,2012,28.7495
Zoetermeer,Netherlands,2013,9.240666667000001
Zonguldak,Turkey,2013,12.70945455
Zouxian,China,2012,13.72466667
Zunyi,China,2013,15.42791667
Zurich,Switzerland,2020,45.26343284
Zuwarah,Libya,2013,20.57672727
Zwolle,Netherlands,2013,9.5385
Buenos Aires,Argentina,2020,69.98432836
Bridgetown,Barbados,2018,77.88571429
Rio de Janeiro,Brazil,2020,77.07593985
Beijing,China,2020,44.68358209
Havana,Cuba,2020,75.23909774
Addis Ababa,Ethiopia,2020,65.17819549
Bissau,Guinea-Bissau,2020,81.46015038
Chennai,India,2020,83.44179104
Amman,Jordan,2020,54.11940299
Mexico City,Mexico,2020,65.18270677
Muscat,Oman,2019,63.02416107
Panama City,Panama,2020,81.89402985
Dhahran,Saudi Arabia,2020,69.95223881
Lome,Togo,2020,84.13656716
